Workbook

Sheet 7-8AM
A1: 07:00 AM - 08:00 AM
A3: ROAD: NAIROBI - MOMBASA (A8) ROAD
A5: SITE: ATHI RIVER AREA, MACHAKOS COUNTY
A6: PROJECT: EXISTING COMMERCIAL DEVELOPMENT
A7: C/O: CRYSTAL RIVERS MALL
A9: TRAFFIC VOLUME COUNTS DATA (RAW DATA)
A10: 15 MINUTES VOLUMES
A12: TIME | B12: Motorcycle/Tuktuk | C12: Cars(<=5seats) | D12: Large Cars,4WD,SUVs | E12: Pickups/Vans | F12: Minibus/Matatus(<=14seat | G12: Small bus(14-33seat) | H12: Large bus(>33seat) | I12: Light Trucks(2axles) | J12: Medium Trucks(2axle,Double rear wheel) | K12: Heavy Trucks(3, 4 axles) | L12: Artics/draw-bar trucks | M12: Others (e.g tractors) | N12: TOTALS
A13: 7:00-7:15
A14: Mombasa Bound Lane 1 | B14: 37 | C14: 24 | D14: 10 | E14: 6 | F14: 10 | G14: 1 | H14: 0 | I14: 0 | J14: 3 | K14: 1 | L14: 1 | M14: 0 | N14: 37
A15: Mombasa Bound Lane 2 | B15: 16 | C15: 41 | D15: 22 | E15: 11 | F15: 9 | G15: 3 | H15: 1 | I15: 0 | J15: 21 | K15: 11 | L15: 40 | M15: 0 | N15: =SUM(B15:M15)
A16: Mombasa Bound Lane 3 | B16: 4 | C16: 47 | D16: 31 | E16: 15 | F16: 10 | G16: 0 | H16: 0 | I16: 1 | J16: 17 | K16: 6 | L16: 20 | M16: 0 | N16: =SUM(B16:M16)
A17: VEHICLES | B17: =SUM(B14:B16) | C17: =SUM(C14:C16) | D17: =SUM(D14:D16) | E17: =SUM(E14:E16) | F17: =SUM(F14:F16) | G17: =SUM(G14:G16) | H17: =SUM(H14:H16) | I17: =SUM(I14:I16) | ... M17: =SUM(M14:M16) | N17: =SUM(B17:M17)
A18: Conversion Factor | B18: 0.5 | C18: 1 | D18: 1 | E18: 1.75 | F18: 1.75 | G18: 2 | H18: 2.5 | I18: 1.25 | J18: 1.5 | K18: 2.75 | L18: 3 | M18: 2
A19: PCUs, Passenger Car Units | B19: =B17*B18 | C19: =C17*C18 | D19: =D17*D18 | E19: =E17*E18 | F19: =F17*F18 | G19: =G17*G18 | H19: =H17*H18 | I19: =I17*I18 | ... M19: =M17*M18 | N19: =SUM(B19:M19)
A23: TIME | B23: Motorcycle/Tuktuk | C23: Cars(<=5seats) | D23: Large Cars,4WD,SUVs | E23: Pickups/Vans | F23: Minibus/Matatus(<=14seat | G23: Small bus(14-33seat) | H23: Large bus(>33seat) | I23: Light Trucks(2axles) | J23: Medium Trucks(2axle,Double rear wheel) | K23: Heavy Trucks(3, 4 axles) | L23: Artics/draw-bar trucks | M23: Others (e.g tractors) | N23: TOTALS
A24: 7:15-7:30
A25: Mombasa Bound Lane 1 | B25: 42 | C25: 17 | D25: 16 | E25: 4 | F25: 9 | G25: 0 | H25: 0 | I25: 0 | J25: 4 | K25: 1 | L25: 1 | M25: 0 | N25: =SUM(B25:M25)
A26: Mombasa Bound Lane 2 | B26: 13 | C26: 28 | D26: 24 | E26: 9 | F26: 6 | G26: 3 | H26: 0 | I26: 0 | J26: 15 | K26: 11 | L26: 32 | M26: 0 | N26: =SUM(B26:M26)
A27: Mombasa Bound Lane 3 | B27: 2 | C27: 49 | D27: 28 | E27: 16 | F27: 8 | G27: 0 | H27: 0 | I27: 1 | J27: 15 | K27: 5 | L27: 16 | M27: 0 | N27: =SUM(B27:M27)
A28: VEHICLES | B28: =SUM(B25:B27) | C28: =SUM(C25:C27) | D28: =SUM(D25:D27) | E28: =SUM(E25:E27) | F28: =SUM(F25:F27) | G28: =SUM(G25:G27) | H28: =SUM(H25:H27) | I28: =SUM(I25:I27) | ... M28: =SUM(M25:M27) | N28: =SUM(B28:M28)
A29: Conversion Factor | B29: 0.5 | C29: 1 | D29: 1 | E29: 1.75 | F29: 1.75 | G29: 2 | H29: 2.5 | I29: 1.25 | J29: 1.5 | K29: 2.75 | L29: 3 | M29: 2
A30: PCUs, Passenger Car Units | B30: =B28*B29 | C30: =C28*C29 | D30: =D28*D29 | E30: =E28*E29 | F30: =F28*F29 | G30: =G28*G29 | H30: =H28*H29 | I30: =I28*I29 | ... M30: =M28*M29 | N30: =SUM(B30:M30)
A34: TIME | B34: Motorcycle/Tuktuk | C34: Cars(<=5seats) | D34: Large Cars,4WD,SUVs | E34: Pickups/Vans | F34: Minibus/Matatus(<=14seat | G34: Small bus(14-33seat) | H34: Large bus(>33seat) | I34: Light Trucks(2axles) | J34: Medium Trucks(2axle,Double rear wheel) | K34: Heavy Trucks(3, 4 axles) | L34: Artics/draw-bar trucks | M34: Others (e.g tractors) | N34: TOTALS
A35: 7:30-7:45
A36: Mombasa Bound Lane 1 | B36: 32 | C36: 19 | D36: 14 | E36: 5 | F36: 7 | G36: 1 | H36: 0 | I36: 0 | J36: 4 | K36: 0 | L36: 1 | M36: 0 | N36: =SUM(B36:M36)
A37: Mombasa Bound Lane 2 | B37: 17 | C37: 45 | D37: 23 | E37: 10 | F37: 6 | G37: 3 | H37: 1 | I37: 0 | J37: 20 | K37: 10 | L37: 36 | M37: 0 | N37: =SUM(B37:M37)
A38: Mombasa Bound Lane 3 | B38: 3 | C38: 35 | D38: 29 | E38: 10 | F38: 7 | G38: 0 | H38: 0 | I38: 1 | J38: 13 | K38: 4 | L38: 17 | M38: 0 | N38: =SUM(B38:M38)
A39: VEHICLES | B39: =SUM(B36:B38) | C39: =SUM(C36:C38) | D39: =SUM(D36:D38) | E39: =SUM(E36:E38) | F39: =SUM(F36:F38) | G39: =SUM(G36:G38) | H39: =SUM(H36:H38) | I39: =SUM(I36:I38) | ... M39: =SUM(M36:M38) | N39: =SUM(B39:M39)
A40: Conversion Factor | B40: 0.5 | C40: 1 | D40: 1 | E40: 1.75 | F40: 1.75 | G40: 2 | H40: 2.5 | I40: 1.25 | J40: 1.5 | K40: 2.75 | L40: 3 | M40: 2
A41: PCUs, Passenger Car Units | B41: =B39*B40 | C41: =C39*C40 | D41: =D39*D40 | E41: =E39*E40 | F41: =F39*F40 | G41: =G39*G40 | H41: =H39*H40 | I41: =I39*I40 | ... M41: =M39*M40 | N41: =SUM(B41:M41)
A45: TIME | B45: Motorcycle/Tuktuk | C45: Cars(<=5seats) | D45: Large Cars,4WD,SUVs | E45: Pickups/Vans | F45: Minibus/Matatus(<=14seat | G45: Small bus(14-33seat) | H45: Large bus(>33seat) | I45: Light Trucks(2axles) | J45: Medium Trucks(2axle,Double rear wheel) | K45: Heavy Trucks(3, 4 axles) | L45: Artics/draw-bar trucks | M45: Others (e.g tractors) | N45: TOTALS
A46: 7:45-8:00
A47: Mombasa Bound Lane 1 | B47: 27 | C47: 33 | D47: 13 | E47: 4 | F47: 7 | G47: 2 | H47: 2 | I47: 2 | J47: 8 | K47: 3 | L47: 2 | M47: 1 | N47: =SUM(B47:M47)
A48: Mombasa Bound Lane 2 | B48: 15 | C48: 28 | D48: 13 | E48: 6 | F48: 12 | G48: 4 | H48: 2 | I48: 3 | J48: 29 | K48: 6 | L48: 34 | M48: 1 | N48: =SUM(B48:M48)
A49: Mombasa Bound Lane 3 | B49: 5 | C49: 33 | D49: 38 | E49: 11 | F49: 9 | G49: 4 | H49: 2 | I49: 2 | J49: 24 | K49: 5 | L49: 20 | M49: 1 | N49: =SUM(B49:M49)
A50: VEHICLES | B50: =SUM(B47:B49) | C50: =SUM(C47:C49) | D50: =SUM(D47:D49) | E50: =SUM(E47:E49) | F50: =SUM(F47:F49) | G50: =SUM(G47:G49) | H50: =SUM(H47:H49) | I50: =SUM(I47:I49) | ... M50: =SUM(M47:M49) | N50: =SUM(B50:M50)
A51: Conversion Factor | B51: 0.5 | C51: 1 | D51: 1 | E51: 1.75 | F51: 1.75 | G51: 2 | H51: 2.5 | I51: 1.25 | J51: 1.5 | K51: 2.75 | L51: 3 | M51: 2
A52: PCUs, Passenger Car Units | B52: =B50*B51 | C52: =C50*C51 | D52: =D50*D51 | E52: =E50*E51 | F52: =F50*F51 | G52: =G50*G51 | H52: =H50*H51 | I52: =I50*I51 | ... M52: =M50*M51 | N52: =SUM(B52:M52)
A56: HOURLY (1HR) SUMMARY
A58: TIME | B58: Motorcycle/Tuktuk | C58: Cars(<=5seats) | D58: Large Cars,4WD,SUVs | E58: Pickups/Vans | F58: Minibus/Matatus(<=14seat | G58: Small bus(14-33seat) | H58: Large bus(>33seat) | I58: Light Trucks(2axles) | J58: Medium Trucks(2axle,Double rear wheel) | K58: Heavy Trucks(3, 4 axles) | L58: Artics/draw-bar trucks | M58: Others (e.g tractors) | N58: TOTALS
A59: 07 AM to 08 AM
A60: Mombasa Bound Lane 1 | B60: =(B14+B25+B36+B47) | C60: =(C14+C25+C36+C47) | D60: =(D14+D25+D36+D47) | E60: =(E14+E25+E36+E47) | F60: =(F14+F25+F36+F47) | G60: =(G14+G25+G36+G47) | H60: =(H14+H25+H36+H47) | I60: =(I14+I25+I36+I47) | ... M60: =(M14+M25+M36+M47) | N60: =SUM(B60:M60)
A61: Mombasa Bound Lane 2 | B61: =(B15+B26+B37+B48) | C61: =(C15+C26+C37+C48) | D61: =(D15+D26+D37+D48) | E61: =(E15+E26+E37+E48) | F61: =(F15+F26+F37+F48) | G61: =(G15+G26+G37+G48) | H61: =(H15+H26+H37+H48) | I61: =(I15+I26+I37+I48) | ... M61: =(M15+M26+M37+M48) | N61: =SUM(B61:M61)
A62: Mombasa Bound Lane 3 | B62: =(B16+B27+B38+B49) | C62: =(C16+C27+C38+C49) | D62: =(D16+D27+D38+D49) | E62: =(E16+E27+E38+E49) | F62: =(F16+F27+F38+F49) | G62: =(G16+G27+G38+G49) | H62: =(H16+H27+H38+H49) | I62: =(I16+I27+I38+I49) | ... M62: =(M16+M27+M38+M49) | N62: =SUM(B62:M62)
A63: VEHICLES | B63: =SUM(B60:B62) | C63: =SUM(C60:C62) | D63: =SUM(D60:D62) | E63: =SUM(E60:E62) | F63: =SUM(F60:F62) | G63: =SUM(G60:G62) | H63: =SUM(H60:H62) | I63: =SUM(I60:I62) | ... M63: =SUM(M60:M62) | N63: =SUM(B63:M63)
A64: Conversion Factor | B64: 0.5 | C64: 1 | D64: 1 | E64: 1.75 | F64: 1.75 | G64: 2 | H64: 2.5 | I64: 1.25 | J64: 1.5 | K64: 2.75 | L64: 3 | M64: 2
A65: PCUs, Passenger Car Units | B65: =B63*B64 | C65: =C63*C64 | D65: =D63*D64 | E65: =E63*E64 | F65: =F63*F64 | G65: =G63*G64 | H65: =H63*H64 | I65: =I63*I64 | ... M65: =M63*M64 | N65: =SUM(B65:M65)
N67: =ROUND(N65/(MAX(N19,N30,N41,N52)*4),2)

Sheet 8-9 AM
A1: 08:00 AM - 09:00 AM
A3: ='7-8AM'!A3:N3
A5: ='7-8AM'!A5:N5
A6: ='7-8AM'!A6:N6
A7: ='7-8AM'!A7:N7
A9: TRAFFIC VOLUME COUNTS DATA (RAW DATA)
A10: 15 MINUTES VOLUMES
A12: TIME | B12: Motorcycle/Tuktuk | C12: Cars(<=5seats) | D12: Large Cars,4WD,SUVs | E12: Pickups/Vans | F12: Minibus/Matatus(<=14seat | G12: Small bus(14-33seat) | H12: Large bus(>33seat) | I12: Light Trucks(2axles) | J12: Medium Trucks(2axle,Double rear wheel) | K12: Heavy Trucks(3, 4 axles) | L12: Artics/draw-bar trucks | M12: Others (e.g tractors) | N12: TOTALS
A13: 8:00-8:15
A14: Mombasa Bound Lane 1 | B14: 35 | C14: 19 | D14: 9 | E14: 1 | F14: 6 | G14: 1 | H14: 0 | I14: 1 | J14: 0 | K14: 0 | L14: 0 | M14: 0 | N14: =SUM(B14:M14)
A15: Mombasa Bound Lane 2 | B15: 9 | C15: 27 | D15: 20 | E15: 8 | F15: 6 | G15: 3 | H15: 0 | I15: 0 | J15: 9 | K15: 4 | L15: 22 | M15: 1 | N15: =SUM(B15:M15)
A16: Mombasa Bound Lane 3 | B16: 5 | C16: 46 | D16: 36 | E16: 5 | F16: 7 | G16: 0 | H16: 1 | I16: 0 | J16: 3 | K16: 4 | L16: 8 | M16: 0 | N16: =SUM(B16:M16)
A17: VEHICLES | B17: =SUM(B14:B16) | C17: =SUM(C14:C16) | D17: =SUM(D14:D16) | E17: =SUM(E14:E16) | F17: =SUM(F14:F16) | G17: =SUM(G14:G16) | H17: =SUM(H14:H16) | I17: =SUM(I14:I16) | ... M17: =SUM(M14:M16) | N17: =SUM(B17:M17)
A18: Conversion Factor | B18: 0.5 | C18: 1 | D18: 1 | E18: 1.75 | F18: 1.75 | G18: 2 | H18: 2.5 | I18: 1.25 | J18: 1.5 | K18: 2.75 | L18: 3 | M18: 2
A19: PCUs, Passenger Car Units | B19: =B17*B18 | C19: =C17*C18 | D19: =D17*D18 | E19: =E17*E18 | F19: =F17*F18 | G19: =G17*G18 | H19: =H17*H18 | I19: =I17*I18 | ... M19: =M17*M18 | N19: =SUM(B19:M19)
A23: TIME | B23: Motorcycle/Tuktuk | C23: Cars(<=5seats) | D23: Large Cars,4WD,SUVs | E23: Pickups/Vans | F23: Minibus/Matatus(<=14seat | G23: Small bus(14-33seat) | H23: Large bus(>33seat) | I23: Light Trucks(2axles) | J23: Medium Trucks(2axle,Double rear wheel) | K23: Heavy Trucks(3, 4 axles) | L23: Artics/draw-bar trucks | M23: Others (e.g tractors) | N23: TOTALS
A24: 8:15-8:30
A25: Mombasa Bound Lane 1 | B25: 32 | C25: 13 | D25: 8 | E25: 2 | F25: 4 | G25: 0 | H25: 0 | I25: 0 | J25: 2 | K25: 1 | L25: 0 | M25: 0 | N25: =SUM(B25:M25)
A26: Mombasa Bound Lane 2 | B26: 5 | C26: 23 | D26: 22 | E26: 3 | F26: 8 | G26: 2 | H26: 0 | I26: 0 | J26: 13 | K26: 9 | L26: 23 | M26: 0 | N26: =SUM(B26:M26)
A27: Mombasa Bound Lane 3 | B27: 1 | C27: 31 | D27: 15 | E27: 4 | F27: 3 | G27: 1 | H27: 0 | I27: 0 | J27: 16 | K27: 1 | L27: 12 | M27: 0 | N27: =SUM(B27:M27)
A28: VEHICLES | B28: =SUM(B25:B27) | C28: =SUM(C25:C27) | D28: =SUM(D25:D27) | E28: =SUM(E25:E27) | F28: =SUM(F25:F27) | G28: =SUM(G25:G27) | H28: =SUM(H25:H27) | I28: =SUM(I25:I27) | ... M28: =SUM(M25:M27) | N28: =SUM(B28:M28)
A29: Conversion Factor | B29: 0.5 | C29: 1 | D29: 1 | E29: 1.75 | F29: 1.75 | G29: 2 | H29: 2.5 | I29: 1.25 | J29: 1.5 | K29: 2.75 | L29: 3 | M29: 2
A30: PCUs, Passenger Car Units | B30: =B28*B29 | C30: =C28*C29 | D30: =D28*D29 | E30: =E28*E29 | F30: =F28*F29 | G30: =G28*G29 | H30: =H28*H29 | I30: =I28*I29 | ... M30: =M28*M29 | N30: =SUM(B30:M30)
A34: TIME | B34: Motorcycle/Tuktuk | C34: Cars(<=5seats) | D34: Large Cars,4WD,SUVs | E34: Pickups/Vans | F34: Minibus/Matatus(<=14seat | G34: Small bus(14-33seat) | H34: Large bus(>33seat) | I34: Light Trucks(2axles) | J34: Medium Trucks(2axle,Double rear wheel) | K34: Heavy Trucks(3, 4 axles) | L34: Artics/draw-bar trucks | M34: Others (e.g tractors) | N34: TOTALS
A35: 8:30-8:45
A36: Mombasa Bound Lane 1 | B36: 28 | C36: 19 | D36: 5 | E36: 1 | F36: 9 | G36: 1 | H36: 0 | I36: 0 | J36: 5 | K36: 1 | L36: 0 | M36: 0 | N36: =SUM(B36:M36)
A37: Mombasa Bound Lane 2 | B37: 4 | C37: 25 | D37: 19 | E37: 8 | F37: 0 | G37: 0 | H37: 0 | I37: 0 | J37: 18 | K37: 7 | L37: 14 | M37: 0 | N37: =SUM(B37:M37)
A38: Mombasa Bound Lane 3 | B38: 5 | C38: 31 | D38: 59 | E38: 19 | F38: 13 | G38: 0 | H38: 0 | I38: 1 | J38: 13 | K38: 7 | L38: 14 | M38: 0 | N38: =SUM(B38:M38)
A39: VEHICLES | B39: =SUM(B36:B38) | C39: =SUM(C36:C38) | D39: =SUM(D36:D38) | E39: =SUM(E36:E38) | F39: =SUM(F36:F38) | G39: =SUM(G36:G38) | H39: =SUM(H36:H38) | I39: =SUM(I36:I38) | ... M39: =SUM(M36:M38) | N39: =SUM(B39:M39)
A40: Conversion Factor | B40: 0.5 | C40: 1 | D40: 1 | E40: 1.75 | F40: 1.75 | G40: 2 | H40: 2.5 | I40: 1.25 | J40: 1.5 | K40: 2.75 | L40: 3 | M40: 2
A41: PCUs, Passenger Car Units | B41: =B39*B40 | C41: =C39*C40 | D41: =D39*D40 | E41: =E39*E40 | F41: =F39*F40 | G41: =G39*G40 | H41: =H39*H40 | I41: =I39*I40 | ... M41: =M39*M40 | N41: =SUM(B41:M41)
A45: TIME | B45: Motorcycle/Tuktuk | C45: Cars(<=5seats) | D45: Large Cars,4WD,SUVs | E45: Pickups/Vans | F45: Minibus/Matatus(<=14seat | G45: Small bus(14-33seat) | H45: Large bus(>33seat) | I45: Light Trucks(2axles) | J45: Medium Trucks(2axle,Double rear wheel) | K45: Heavy Trucks(3, 4 axles) | L45: Artics/draw-bar trucks | M45: Others (e.g tractors) | N45: TOTALS
A46: 8:45-9:00
A47: Mombasa Bound Lane 1 | B47: 24 | C47: 18 | D47: 6 | E47: 5 | F47: 8 | G47: 1 | H47: 0 | I47: 2 | J47: 1 | K47: 0 | L47: 1 | M47: 0 | N47: =SUM(B47:M47)
A48: Mombasa Bound Lane 2 | B48: 2 | C48: 31 | D48: 19 | E48: 12 | F48: 7 | G48: 0 | H48: 0 | I48: 0 | J48: 23 | K48: 12 | L48: 12 | M48: 0 | N48: =SUM(B48:M48)
A49: Mombasa Bound Lane 3 | B49: 0 | C49: 32 | D49: 44 | E49: 17 | F49: 2 | G49: 1 | H49: 0 | I49: 2 | J49: 13 | K49: 16 | L49: 18 | M49: 0 | N49: =SUM(B49:M49)
A50: VEHICLES | B50: =SUM(B47:B49) | C50: =SUM(C47:C49) | D50: =SUM(D47:D49) | E50: =SUM(E47:E49) | F50: =SUM(F47:F49) | G50: =SUM(G47:G49) | H50: =SUM(H47:H49) | I50: =SUM(I47:I49) | ... M50: =SUM(M47:M49) | N50: =SUM(B50:M50)
A51: Conversion Factor | B51: 0.5 | C51: 1 | D51: 1 | E51: 1.75 | F51: 1.75 | G51: 2 | H51: 2.5 | I51: 1.25 | J51: 1.5 | K51: 2.75 | L51: 3 | M51: 2
A52: PCUs, Passenger Car Units | B52: =B50*B51 | C52: =C50*C51 | D52: =D50*D51 | E52: =E50*E51 | F52: =F50*F51 | G52: =G50*G51 | H52: =H50*H51 | I52: =I50*I51 | ... M52: =M50*M51 | N52: =SUM(B52:M52)
A56: HOURLY (1HR) SUMMARY
A58: TIME | B58: Motorcycle/Tuktuk | C58: Cars(<=5seats) | D58: Large Cars,4WD,SUVs | E58: Pickups/Vans | F58: Minibus/Matatus(<=14seat | G58: Small bus(14-33seat) | H58: Large bus(>33seat) | I58: Light Trucks(2axles) | J58: Medium Trucks(2axle,Double rear wheel) | K58: Heavy Trucks(3, 4 axles) | L58: Artics/draw-bar trucks | M58: Others (e.g tractors) | N58: TOTALS
A59: 08 AM to 09 AM
A60: Mombasa Bound Lane 1 | B60: =(B14+B25+B36+B47) | C60: =(C14+C25+C36+C47) | D60: =(D14+D25+D36+D47) | E60: =(E14+E25+E36+E47) | F60: =(F14+F25+F36+F47) | G60: =(G14+G25+G36+G47) | H60: =(H14+H25+H36+H47) | I60: =(I14+I25+I36+I47) | ... M60: =(M14+M25+M36+M47) | N60: =SUM(B60:M60)
A61: Mombasa Bound Lane 2 | B61: =(B15+B26+B37+B48) | C61: =(C15+C26+C37+C48) | D61: =(D15+D26+D37+D48) | E61: =(E15+E26+E37+E48) | F61: =(F15+F26+F37+F48) | G61: =(G15+G26+G37+G48) | H61: =(H15+H26+H37+H48) | I61: =(I15+I26+I37+I48) | ... M61: =(M15+M26+M37+M48) | N61: =SUM(B61:M61)
A62: Mombasa Bound Lane 3 | B62: =(B16+B27+B38+B49) | C62: =(C16+C27+C38+C49) | D62: =(D16+D27+D38+D49) | E62: =(E16+E27+E38+E49) | F62: =(F16+F27+F38+F49) | G62: =(G16+G27+G38+G49) | H62: =(H16+H27+H38+H49) | I62: =(I16+I27+I38+I49) | ... M62: =(M16+M27+M38+M49) | N62: =SUM(B62:M62)
A63: VEHICLES | B63: =SUM(B60:B62) | C63: =SUM(C60:C62) | D63: =SUM(D60:D62) | E63: =SUM(E60:E62) | F63: =SUM(F60:F62) | G63: =SUM(G60:G62) | H63: =SUM(H60:H62) | I63: =SUM(I60:I62) | ... M63: =SUM(M60:M62) | N63: =SUM(B63:M63)
A64: Conversion Factor | B64: 0.5 | C64: 1 | D64: 1 | E64: 1.75 | F64: 1.75 | G64: 2 | H64: 2.5 | I64: 1.25 | J64: 1.5 | K64: 2.75 | L64: 3 | M64: 2
A65: PCUs, Passenger Car Units | B65: =B63*B64 | C65: =C63*C64 | D65: =D63*D64 | E65: =E63*E64 | F65: =F63*F64 | G65: =G63*G64 | H65: =H63*H64 | I65: =I63*I64 | ... M65: =M63*M64 | N65: =SUM(B65:M65)
N67: =ROUND(N65/(MAX(N19,N30,N41,N52)*4),2)

Sheet 9-10AM
A1: 09:00 AM - 10:00 AM
A3: ='7-8AM'!A3:N3
A5: ='7-8AM'!A5:N5
A6: ='7-8AM'!A6:N6
A7: ='7-8AM'!A7:N7
A9: TRAFFIC VOLUME COUNTS DATA (RAW DATA)
A10: 15 MINUTES VOLUMES
A12: TIME | B12: Motorcycle/Tuktuk | C12: Cars(<=5seats) | D12: Large Cars,4WD,SUVs | E12: Pickups/Vans | F12: Minibus/Matatus(<=14seat | G12: Small bus(14-33seat) | H12: Large bus(>33seat) | I12: Light Trucks(2axles) | J12: Medium Trucks(2axle,Double rear wheel) | K12: Heavy Trucks(3, 4 axles) | L12: Artics/draw-bar trucks | M12: Others (e.g tractors) | N12: TOTALS
A13: 9:00-9:15
A14: Mombasa Bound Lane 1 | B14: 40 | C14: 30 | D14: 10 | E14: 3 | F14: 7 | G14: 1 | H14: 0 | I14: 0 | J14: 4 | K14: 1 | L14: 1 | M14: 0 | N14: =SUM(B14:M14)
A15: Mombasa Bound Lane 2 | B15: 11 | C15: 21 | D15: 15 | E15: 7 | F15: 5 | G15: 3 | H15: 0 | I15: 0 | J15: 25 | K15: 9 | L15: 32 | M15: 0 | N15: =SUM(B15:M15)
A16: Mombasa Bound Lane 3 | B16: 3 | C16: 37 | D16: 24 | E16: 12 | F16: 11 | G16: 1 | H16: 0 | I16: 1 | J16: 13 | K16: 4 | L16: 12 | M16: 0 | N16: =SUM(B16:M16)
A17: VEHICLES | B17: =SUM(B14:B16) | C17: =SUM(C14:C16) | D17: =SUM(D14:D16) | E17: =SUM(E14:E16) | F17: =SUM(F14:F16) | G17: =SUM(G14:G16) | H17: =SUM(H14:H16) | I17: =SUM(I14:I16) | ... M17: =SUM(M14:M16) | N17: =SUM(B17:M17)
A18: Conversion Factor | B18: 0.5 | C18: 1 | D18: 1 | E18: 1.75 | F18: 1.75 | G18: 2 | H18: 2.5 | I18: 1.25 | J18: 1.5 | K18: 2.75 | L18: 3 | M18: 2
A19: PCUs, Passenger Car Units | B19: =B17*B18 | C19: =C17*C18 | D19: =D17*D18 | E19: =E17*E18 | F19: =F17*F18 | G19: =G17*G18 | H19: =H17*H18 | I19: =I17*I18 | ... M19: =M17*M18 | N19: =SUM(B19:M19)
A23: TIME | B23: Motorcycle/Tuktuk | C23: Cars(<=5seats) | D23: Large Cars,4WD,SUVs | E23: Pickups/Vans | F23: Minibus/Matatus(<=14seat | G23: Small bus(14-33seat) | H23: Large bus(>33seat) | I23: Light Trucks(2axles) | J23: Medium Trucks(2axle,Double rear wheel) | K23: Heavy Trucks(3, 4 axles) | L23: Artics/draw-bar trucks | M23: Others (e.g tractors) | N23: TOTALS
A24: 9:15-9:30
A25: Mombasa Bound Lane 1 | B25: 31 | C25: 29 | D25: 14 | E25: 3 | F25: 9 | G25: 1 | H25: 0 | I25: 0 | J25: 4 | K25: 0 | L25: 1 | M25: 0 | N25: =SUM(B25:M25)
A26: Mombasa Bound Lane 2 | B26: 12 | C26: 31 | D26: 24 | E26: 8 | F26: 5 | G26: 2 | H26: 0 | I26: 0 | J26: 23 | K26: 8 | L26: 32 | M26: 0 | N26: =SUM(B26:M26)
A27: Mombasa Bound Lane 3 | B27: 3 | C27: 44 | D27: 39 | E27: 8 | F27: 8 | G27: 0 | H27: 0 | I27: 0 | J27: 13 | K27: 5 | L27: 13 | M27: 0 | N27: =SUM(B27:M27)
A28: VEHICLES | B28: =SUM(B25:B27) | C28: =SUM(C25:C27) | D28: =SUM(D25:D27) | E28: =SUM(E25:E27) | F28: =SUM(F25:F27) | G28: =SUM(G25:G27) | H28: =SUM(H25:H27) | I28: =SUM(I25:I27) | ... M28: =SUM(M25:M27) | N28: =SUM(B28:M28)
A29: Conversion Factor | B29: 0.5 | C29: 1 | D29: 1 | E29: 1.75 | F29: 1.75 | G29: 2 | H29: 2.5 | I29: 1.25 | J29: 1.5 | K29: 2.75 | L29: 3 | M29: 2
A30: PCUs, Passenger Car Units | B30: =B28*B29 | C30: =C28*C29 | D30: =D28*D29 | E30: =E28*E29 | F30: =F28*F29 | G30: =G28*G29 | H30: =H28*H29 | I30: =I28*I29 | ... M30: =M28*M29 | N30: =SUM(B30:M30)
A34: TIME | B34: Motorcycle/Tuktuk | C34: Cars(<=5seats) | D34: Large Cars,4WD,SUVs | E34: Pickups/Vans | F34: Minibus/Matatus(<=14seat | G34: Small bus(14-33seat) | H34: Large bus(>33seat) | I34: Light Trucks(2axles) | J34: Medium Trucks(2axle,Double rear wheel) | K34: Heavy Trucks(3, 4 axles) | L34: Artics/draw-bar trucks | M34: Others (e.g tractors) | N34: TOTALS
A35: 9:30-9:45
A36: Mombasa Bound Lane 1 | B36: 35 | C36: 17 | D36: 14 | E36: 3 | F36: 7 | G36: 1 | H36: 0 | I36: 0 | J36: 5 | K36: 1 | L36: 1 | M36: 0 | N36: =SUM(B36:M36)
A37: Mombasa Bound Lane 2 | B37: 13 | C37: 28 | D37: 22 | E37: 6 | F37: 4 | G37: 2 | H37: 1 | I37: 0 | J37: 22 | K37: 6 | L37: 33 | M37: 0 | N37: =SUM(B37:M37)
A38: Mombasa Bound Lane 3 | B38: 3 | C38: 61 | D38: 35 | E38: 7 | F38: 7 | G38: 0 | H38: 0 | I38: 1 | J38: 12 | K38: 5 | L38: 16 | M38: 0 | N38: =SUM(B38:M38)
A39: VEHICLES | B39: =SUM(B36:B38) | C39: =SUM(C36:C38) | D39: =SUM(D36:D38) | E39: =SUM(E36:E38) | F39: =SUM(F36:F38) | G39: =SUM(G36:G38) | H39: =SUM(H36:H38) | I39: =SUM(I36:I38) | J39: =SUM(J36:J38) | K39: =J39 | L39: =SUM(L36:L38) | M39: =SUM(M36:M38) | N39: =SUM(B39:M39)
A40: Conversion Factor | B40: 0.5 | C40: 1 | D40: 1 | E40: 1.75 | F40: 1.75 | G40: 2 | H40: 2.5 | I40: 1.25 | J40: 1.5 | K40: 2.75 | L40: 3 | M40: 2
A41: PCUs, Passenger Car Units | B41: =B39*B40 | C41: =C39*C40 | D41: =D39*D40 | E41: =E39*E40 | F41: =F39*F40 | G41: =G39*G40 | H41: =H39*H40 | I41: =I39*I40 | ... M41: =M39*M40 | N41: =SUM(B41:M41)
A45: TIME | B45: Motorcycle/Tuktuk | C45: Cars(<=5seats) | D45: Large Cars,4WD,SUVs | E45: Pickups/Vans | F45: Minibus/Matatus(<=14seat | G45: Small bus(14-33seat) | H45: Large bus(>33seat) | I45: Light Trucks(2axles) | J45: Medium Trucks(2axle,Double rear wheel) | K45: Heavy Trucks(3, 4 axles) | L45: Artics/draw-bar trucks | M45: Others (e.g tractors) | N45: TOTALS
A46: 9:45-10:00
A47: Mombasa Bound Lane 1 | B47: 20 | C47: 18 | D47: 22 | E47: 5 | F47: 6 | G47: 2 | H47: 2 | I47: 2 | J47: 3 | K47: 3 | L47: 3 | M47: 1 | N47: =SUM(B47:M47)
A48: Mombasa Bound Lane 2 | B48: 23 | C48: 20 | D48: 24 | E48: 11 | F48: 12 | G48: 5 | H48: 3 | I48: 3 | J48: 8 | K48: 11 | L48: 30 | M48: 1 | N48: =SUM(B48:M48)
A49: Mombasa Bound Lane 3 | B49: 3 | C49: 48 | D49: 29 | E49: 16 | F49: 10 | G49: 4 | H49: 2 | I49: 2 | J49: 13 | K49: 8 | L49: 27 | M49: 1 | N49: =SUM(B49:M49)
A50: VEHICLES | B50: =SUM(B47:B49) | C50: =SUM(C47:C49) | D50: =SUM(D47:D49) | E50: =SUM(E47:E49) | F50: =SUM(F47:F49) | G50: =SUM(G47:G49) | H50: =SUM(H47:H49) | I50: =SUM(I47:I49) | ... M50: =SUM(M47:M49) | N50: =SUM(B50:M50)
A51: Conversion Factor | B51: 0.5 | C51: 1 | D51: 1 | E51: 1.75 | F51: 1.75 | G51: 2 | H51: 2.5 | I51: 1.25 | J51: 1.5 | K51: 2.75 | L51: 3 | M51: 2
A52: PCUs, Passenger Car Units | B52: =B50*B51 | C52: =C50*C51 | D52: =D50*D51 | E52: =E50*E51 | F52: =F50*F51 | G52: =G50*G51 | H52: =H50*H51 | I52: =I50*I51 | ... M52: =M50*M51 | N52: =SUM(B52:M52)
A56: HOURLY (1HR) SUMMARY
A58: TIME | B58: Motorcycle/Tuktuk | C58: Cars(<=5seats) | D58: Large Cars,4WD,SUVs | E58: Pickups/Vans | F58: Minibus/Matatus(<=14seat | G58: Small bus(14-33seat) | H58: Large bus(>33seat) | I58: Light Trucks(2axles) | J58: Medium Trucks(2axle,Double rear wheel) | K58: Heavy Trucks(3, 4 axles) | L58: Artics/draw-bar trucks | M58: Others (e.g tractors) | N58: TOTALS
A59: 09 AM to 10 AM
A60: Mombasa Bound Lane 1 | B60: =(B14+B25+B36+B47) | C60: =(C14+C25+C36+C47) | D60: =(D14+D25+D36+D47) | E60: =(E14+E25+E36+E47) | F60: =(F14+F25+F36+F47) | G60: =(G14+G25+G36+G47) | H60: =(H14+H25+H36+H47) | I60: =(I14+I25+I36+I47) | ... M60: =(M14+M25+M36+M47) | N60: =SUM(B60:M60)
A61: Mombasa Bound Lane 2 | B61: =(B15+B26+B37+B48) | C61: =(C15+C26+C37+C48) | D61: =(D15+D26+D37+D48) | E61: =(E15+E26+E37+E48) | F61: =(F15+F26+F37+F48) | G61: =(G15+G26+G37+G48) | H61: =(H15+H26+H37+H48) | I61: =(I15+I26+I37+I48) | ... M61: =(M15+M26+M37+M48) | N61: =SUM(B61:M61)
A62: Mombasa Bound Lane 3 | B62: =(B16+B27+B38+B49) | C62: =(C16+C27+C38+C49) | D62: =(D16+D27+D38+D49) | E62: =(E16+E27+E38+E49) | F62: =(F16+F27+F38+F49) | G62: =(G16+G27+G38+G49) | H62: =(H16+H27+H38+H49) | I62: =(I16+I27+I38+I49) | ... M62: =(M16+M27+M38+M49) | N62: =SUM(B62:M62)
A63: VEHICLES | B63: =SUM(B60:B62) | C63: =SUM(C60:C62) | D63: =SUM(D60:D62) | E63: =SUM(E60:E62) | F63: =SUM(F60:F62) | G63: =SUM(G60:G62) | H63: =SUM(H60:H62) | I63: =SUM(I60:I62) | ... M63: =SUM(M60:M62) | N63: =SUM(B63:M63)
A64: Conversion Factor | B64: 0.5 | C64: 1 | D64: 1 | E64: 1.75 | F64: 1.75 | G64: 2 | H64: 2.5 | I64: 1.25 | J64: 1.5 | K64: 2.75 | L64: 3 | M64: 2
A65: PCUs, Passenger Car Units | B65: =B63*B64 | C65: =C63*C64 | D65: =D63*D64 | E65: =E63*E64 | F65: =F63*F64 | G65: =G63*G64 | H65: =H63*H64 | I65: =I63*I64 | ... M65: =M63*M64 | N65: =SUM(B65:M65)

Sheet 10-11AM
A1: 10:00 AM - 11:00 AM
A3: ='7-8AM'!A3:N3
A5: ='7-8AM'!A5:N5
A6: ='7-8AM'!A6:N6
A7: ='7-8AM'!A7:N7
A9: TRAFFIC VOLUME COUNTS DATA (RAW DATA)
A10: 15 MINUTES VOLUMES
A12: TIME | B12: Motorcycle/Tuktuk | C12: Cars(<=5seats) | D12: Large Cars,4WD,SUVs | E12: Pickups/Vans | F12: Minibus/Matatus(<=14seat | G12: Small bus(14-33seat) | H12: Large bus(>33seat) | I12: Light Trucks(2axles) | J12: Medium Trucks(2axle,Double rear wheel) | K12: Heavy Trucks(3, 4 axles) | L12: Artics/draw-bar trucks | M12: Others (e.g tractors) | N12: TOTALS
A13: 10:00-10:15
A14: Mombasa Bound Lane 1 | B14: 24 | C14: 20 | D14: 10 | E14: 2 | F14: 6 | G14: 0 | H14: 0 | I14: 0 | J14: 2 | K14: 1 | L14: 1 | M14: 0 | N14: =SUM(B14:M14)
A15: Mombasa Bound Lane 2 | B15: 13 | C15: 27 | D15: 12 | E15: 7 | F15: 6 | G15: 2 | H15: 1 | I15: 0 | J15: 14 | K15: 10 | L15: 30 | M15: 0 | N15: =SUM(B15:M15)
A16: Mombasa Bound Lane 3 | B16: 2 | C16: 37 | D16: 22 | E16: 14 | F16: 5 | G16: 1 | H16: 0 | I16: 0 | J16: 9 | K16: 5 | L16: 22 | M16: 0 | N16: =SUM(B16:M16)
A17: VEHICLES | B17: =SUM(B14:B16) | C17: =SUM(C14:C16) | D17: =SUM(D14:D16) | E17: =SUM(E14:E16) | F17: =SUM(F14:F16) | G17: =SUM(G14:G16) | H17: =SUM(H14:H16) | I17: =SUM(I14:I16) | ... M17: =SUM(M14:M16) | N17: =SUM(B17:M17)
A18: Conversion Factor | B18: 0.5 | C18: 1 | D18: 1 | E18: 1.75 | F18: 1.75 | G18: 2 | H18: 2.5 | I18: 1.25 | J18: 1.5 | K18: 2.75 | L18: 3 | M18: 2
A19: PCUs, Passenger Car Units | B19: =B17*B18 | C19: =C17*C18 | D19: =D17*D18 | E19: =E17*E18 | F19: =F17*F18 | G19: =G17*G18 | H19: =H17*H18 | I19: =I17*I18 | ... M19: =M17*M18 | N19: =SUM(B19:M19)
A23: TIME | B23: Motorcycle/Tuktuk | C23: Cars(<=5seats) | D23: Large Cars,4WD,SUVs | E23: Pickups/Vans | F23: Minibus/Matatus(<=14seat | G23: Small bus(14-33seat) | H23: Large bus(>33seat) | I23: Light Trucks(2axles) | J23: Medium Trucks(2axle,Double rear wheel) | K23: Heavy Trucks(3, 4 axles) | L23: Artics/draw-bar trucks | M23: Others (e.g tractors) | N23: TOTALS
A24: 10:15-10:30
A25: Mombasa Bound Lane 1 | B25: 29 | C25: 17 | D25: 8 | E25: 3 | F25: 5 | G25: 1 | H25: 0 | I25: 0 | J25: 3 | K25: 1 | L25: 1 | M25: 0 | N25: =SUM(B25:M25)
A26: Mombasa Bound Lane 2 | B26: 14 | C26: 22 | D26: 14 | E26: 8 | F26: 7 | G26: 1 | H26: 0 | I26: 0 | J26: 16 | K26: 9 | L26: 22 | M26: 0 | N26: =SUM(B26:M26)
A27: Mombasa Bound Lane 3 | B27: 2 | C27: 52 | D27: 33 | E27: 9 | F27: 6 | G27: 0 | H27: 0 | I27: 0 | J27: 15 | K27: 6 | L27: 15 | M27: 0 | N27: =SUM(B27:M27)
A28: VEHICLES | B28: =SUM(B25:B27) | C28: =SUM(C25:C27) | D28: =SUM(D25:D27) | E28: =SUM(E25:E27) | F28: =SUM(F25:F27) | G28: =SUM(G25:G27) | H28: =SUM(H25:H27) | I28: =SUM(I25:I27) | ... M28: =SUM(M25:M27) | N28: =SUM(B28:M28)
A29: Conversion Factor | B29: 0.5 | C29: 1 | D29: 1 | E29: 1.75 | F29: 1.75 | G29: 2 | H29: 2.5 | I29: 1.25 | J29: 1.5 | K29: 2.75 | L29: 3 | M29: 2
A30: PCUs, Passenger Car Units | B30: =B28*B29 | C30: =C28*C29 | D30: =D28*D29 | E30: =E28*E29 | F30: =F28*F29 | G30: =G28*G29 | H30: =H28*H29 | I30: =I28*I29 | ... M30: =M28*M29 | N30: =SUM(B30:M30)
A34: TIME | B34: Motorcycle/Tuktuk | C34: Cars(<=5seats) | D34: Large Cars,4WD,SUVs | E34: Pickups/Vans | F34: Minibus/Matatus(<=14seat | G34: Small bus(14-33seat) | H34: Large bus(>33seat) | I34: Light Trucks(2axles) | J34: Medium Trucks(2axle,Double rear wheel) | K34: Heavy Trucks(3, 4 axles) | L34: Artics/draw-bar trucks | M34: Others (e.g tractors) | N34: TOTALS
A35: 10:30-10:45
A36: Mombasa Bound Lane 1 | B36: 32 | C36: 15 | D36: 9 | E36: 3 | F36: 6 | G36: 0 | H36: 0 | I36: 0 | J36: 4 | K36: 1 | L36: 1 | M36: 0 | N36: =SUM(B36:M36)
A37: Mombasa Bound Lane 2 | B37: 12 | C37: 29 | D37: 20 | E37: 6 | F37: 5 | G37: 2 | H37: 0 | I37: 0 | J37: 16 | K37: 9 | L37: 31 | M37: 0 | N37: =SUM(B37:M37)
A38: Mombasa Bound Lane 3 | B38: 1 | C38: 39 | D38: 21 | E38: 12 | F38: 8 | G38: 1 | H38: 0 | I38: 1 | J38: 10 | K38: 5 | L38: 17 | M38: 0 | N38: =SUM(B38:M38)
A39: VEHICLES | B39: =SUM(B36:B38) | C39: =SUM(C36:C38) | D39: =SUM(D36:D38) | E39: =SUM(E36:E38) | F39: =SUM(F36:F38) | G39: =SUM(G36:G38) | H39: =SUM(H36:H38) | I39: =SUM(I36:I38) | ... M39: =SUM(M36:M38) | N39: =SUM(B39:M39)
A40: Conversion Factor | B40: 0.5 | C40: 1 | D40: 1 | E40: 1.75 | F40: 1.75 | G40: 2 | H40: 2.5 | I40: 1.25 | J40: 1.5 | K40: 2.75 | L40: 3 | M40: 2
A41: PCUs, Passenger Car Units | B41: =B39*B40 | C41: =C39*C40 | D41: =D39*D40 | E41: =E39*E40 | F41: =F39*F40 | G41: =G39*G40 | H41: =H39*H40 | I41: =I39*I40 | ... M41: =M39*M40 | N41: =SUM(B41:M41)
A45: TIME | B45: Motorcycle/Tuktuk | C45: Cars(<=5seats) | D45: Large Cars,4WD,SUVs | E45: Pickups/Vans | F45: Minibus/Matatus(<=14seat | G45: Small bus(14-33seat) | H45: Large bus(>33seat) | I45: Light Trucks(2axles) | J45: Medium Trucks(2axle,Double rear wheel) | K45: Heavy Trucks(3, 4 axles) | L45: Artics/draw-bar trucks | M45: Others (e.g tractors) | N45: TOTALS
A46: 10:45-11:00
A47: Mombasa Bound Lane 1 | B47: 46 | C47: 34 | D47: 18 | E47: 6 | F47: 9 | G47: 3 | H47: 2 | I47: 2 | J47: 4 | K47: 2 | L47: 2 | M47: 1 | N47: =SUM(B47:M47)
A48: Mombasa Bound Lane 2 | B48: 8 | C48: 29 | D48: 20 | E48: 6 | F48: 8 | G48: 4 | H48: 3 | I48: 3 | J48: 15 | K48: 9 | L48: 20 | M48: 1 | N48: =SUM(B48:M48)
A49: Mombasa Bound Lane 3 | B49: 4 | C49: 36 | D49: 48 | E49: 11 | F49: 12 | G49: 2 | H49: 2 | I49: 3 | J49: 17 | K49: 5 | L49: 16 | M49: 1 | N49: =SUM(B49:M49)
A50: VEHICLES | B50: =SUM(B47:B49) | C50: =SUM(C47:C49) | D50: =SUM(D47:D49) | E50: =SUM(E47:E49) | F50: =SUM(F47:F49) | G50: =SUM(G47:G49) | H50: =SUM(H47:H49) | I50: =SUM(I47:I49) | ... M50: =SUM(M47:M49) | N50: =SUM(B50:M50)
A51: Conversion Factor | B51: 0.5 | C51: 1 | D51: 1 | E51: 1.75 | F51: 1.75 | G51: 2 | H51: 2.5 | I51: 1.25 | J51: 1.5 | K51: 2.75 | L51: 3 | M51: 2
A52: PCUs, Passenger Car Units | B52: =B50*B51 | C52: =C50*C51 | D52: =D50*D51 | E52: =E50*E51 | F52: =F50*F51 | G52: =G50*G51 | H52: =H50*H51 | I52: =I50*I51 | ... M52: =M50*M51 | N52: =SUM(B52:M52)
A56: HOURLY (1HR) SUMMARY
A58: TIME | B58: Motorcycle/Tuktuk | C58: Cars(<=5seats) | D58: Large Cars,4WD,SUVs | E58: Pickups/Vans | F58: Minibus/Matatus(<=14seat | G58: Small bus(14-33seat) | H58: Large bus(>33seat) | I58: Light Trucks(2axles) | J58: Medium Trucks(2axle,Double rear wheel) | K58: Heavy Trucks(3, 4 axles) | L58: Artics/draw-bar trucks | M58: Others (e.g tractors) | N58: TOTALS
A59: 10 AM to 11 AM
A60: Mombasa Bound Lane 1 | B60: =(B14+B25+B36+B47) | C60: =(C14+C25+C36+C47) | D60: =(D14+D25+D36+D47) | E60: =(E14+E25+E36+E47) | F60: =(F14+F25+F36+F47) | G60: =(G14+G25+G36+G47) | H60: =(H14+H25+H36+H47) | I60: =(I14+I25+I36+I47) | ... M60: =(M14+M25+M36+M47) | N60: =SUM(B60:M60)
A61: Mombasa Bound Lane 2 | B61: =(B15+B26+B37+B48) | C61: =(C15+C26+C37+C48) | D61: =(D15+D26+D37+D48) | E61: =(E15+E26+E37+E48) | F61: =(F15+F26+F37+F48) | G61: =(G15+G26+G37+G48) | H61: =(H15+H26+H37+H48) | I61: =(I15+I26+I37+I48) | ... M61: =(M15+M26+M37+M48) | N61: =SUM(B61:M61)
A62: Mombasa Bound Lane 3 | B62: =(B16+B27+B38+B49) | C62: =(C16+C27+C38+C49) | D62: =(D16+D27+D38+D49) | E62: =(E16+E27+E38+E49) | F62: =(F16+F27+F38+F49) | G62: =(G16+G27+G38+G49) | H62: =(H16+H27+H38+H49) | I62: =(I16+I27+I38+I49) | ... M62: =(M16+M27+M38+M49) | N62: =SUM(B62:M62)
A63: VEHICLES | B63: =SUM(B60:B62) | C63: =SUM(C60:C62) | D63: =SUM(D60:D62) | E63: =SUM(E60:E62) | F63: =SUM(F60:F62) | G63: =SUM(G60:G62) | H63: =SUM(H60:H62) | I63: =SUM(I60:I62) | ... M63: =SUM(M60:M62) | N63: =SUM(B63:M63)
A64: Conversion Factor | B64: 0.5 | C64: 1 | D64: 1 | E64: 1.75 | F64: 1.75 | G64: 2 | H64: 2.5 | I64: 1.25 | J64: 1.5 | K64: 2.75 | L64: 3 | M64: 2
A65: PCUs, Passenger Car Units | B65: =B63*B64 | C65: =C63*C64 | D65: =D63*D64 | E65: =E63*E64 | F65: =F63*F64 | G65: =G63*G64 | H65: =H63*H64 | I65: =I63*I64 | ... M65: =M63*M64 | N65: =SUM(B65:M65)

Sheet 11-12AM
A1: 11:00 AM - 12:00 AM
A3: ='7-8AM'!A3:N3
A5: ='7-8AM'!A5:N5
A6: ='7-8AM'!A6:N6
A7: ='7-8AM'!A7:N7
A9: TRAFFIC VOLUME COUNTS DATA (RAW DATA)
A10: 15 MINUTES VOLUMES
A12: TIME | B12: Motorcycle/Tuktuk | C12: Cars(<=5seats) | D12: Large Cars,4WD,SUVs | E12: Pickups/Vans | F12: Minibus/Matatus(<=14seat | G12: Small bus(14-33seat) | H12: Large bus(>33seat) | I12: Light Trucks(2axles) | J12: Medium Trucks(2axle,Double rear wheel) | K12: Heavy Trucks(3, 4 axles) | L12: Artics/draw-bar trucks | M12: Others (e.g tractors) | N12: TOTALS
A13: 11:00-11:15
A14: Mombasa Bound Lane 1 | B14: 23 | C14: 7 | D14: 7 | E14: 1 | F14: 3 | G14: 1 | H14: 0 | I14: 0 | J14: 3 | K14: 3 | L14: 1 | M14: 0 | N14: =SUM(B14:M14)
A15: Mombasa Bound Lane 2 | B15: 10 | C15: 13 | D15: 11 | E15: 3 | F15: 6 | G15: 1 | H15: 0 | I15: 3 | J15: 17 | K15: 8 | L15: 16 | M15: 0 | N15: =SUM(B15:M15)
A16: Mombasa Bound Lane 3 | B16: 2 | C16: 21 | D16: 24 | E16: 11 | F16: 1 | G16: 0 | H16: 0 | I16: 2 | J16: 4 | K16: 3 | L16: 10 | M16: 0 | N16: =SUM(B16:M16)
A17: VEHICLES | B17: =SUM(B14:B16) | C17: =SUM(C14:C16) | D17: =SUM(D14:D16) | E17: =SUM(E14:E16) | F17: =SUM(F14:F16) | G17: =SUM(G14:G16) | H17: =SUM(H14:H16) | I17: =SUM(I14:I16) | ... M17: =SUM(M14:M16) | N17: =SUM(B17:M17)
A18: Conversion Factor | B18: 0.5 | C18: 1 | D18: 1 | E18: 1.75 | F18: 1.75 | G18: 2 | H18: 2.5 | I18: 1.25 | J18: 1.5 | K18: 2.75 | L18: 3 | M18: 2
A19: PCUs, Passenger Car Units | B19: =B17*B18 | C19: =C17*C18 | D19: =D17*D18 | E19: =E17*E18 | F19: =F17*F18 | G19: =G17*G18 | H19: =H17*H18 | I19: =I17*I18 | ... M19: =M17*M18 | N19: =SUM(B19:M19)
A23: TIME | B23: Motorcycle/Tuktuk | C23: Cars(<=5seats) | D23: Large Cars,4WD,SUVs | E23: Pickups/Vans | F23: Minibus/Matatus(<=14seat | G23: Small bus(14-33seat) | H23: Large bus(>33seat) | I23: Light Trucks(2axles) | J23: Medium Trucks(2axle,Double rear wheel) | K23: Heavy Trucks(3, 4 axles) | L23: Artics/draw-bar trucks | M23: Others (e.g tractors) | N23: TOTALS
A24: 11:15-11:30
A25: Mombasa Bound Lane 1 | B25: 15 | C25: 11 | D25: 5 | E25: 2 | F25: 3 | G25: 0 | H25: 0 | I25: 0 | J25: 2 | K25: 2 | L25: 3 | M25: 0 | N25: =SUM(B25:M25)
A26: Mombasa Bound Lane 2 | B26: 9 | C26: 6 | D26: 10 | E26: 5 | F26: 6 | G26: 0 | H26: 0 | I26: 0 | J26: 9 | K26: 12 | L26: 25 | M26: 0 | N26: =SUM(B26:M26)
A27: Mombasa Bound Lane 3 | B27: 2 | C27: 26 | D27: 21 | E27: 7 | F27: 12 | G27: 0 | H27: 0 | I27: 2 | J27: 7 | K27: 3 | L27: 10 | M27: 0 | N27: =SUM(B27:M27)
A28: VEHICLES | B28: =SUM(B25:B27) | C28: =SUM(C25:C27) | D28: =SUM(D25:D27) | E28: =SUM(E25:E27) | F28: =SUM(F25:F27) | G28: =SUM(G25:G27) | H28: =SUM(H25:H27) | I28: =SUM(I25:I27) | ... M28: =SUM(M25:M27) | N28: =SUM(B28:M28)
A29: Conversion Factor | B29: 0.5 | C29: 1 | D29: 1 | E29: 1.75 | F29: 1.75 | G29: 2 | H29: 2.5 | I29: 1.25 | J29: 1.5 | K29: 2.75 | L29: 3 | M29: 2
A30: PCUs, Passenger Car Units | B30: =B28*B29 | C30: =C28*C29 | D30: =D28*D29 | E30: =E28*E29 | F30: =F28*F29 | G30: =G28*G29 | H30: =H28*H29 | I30: =I28*I29 | ... M30: =M28*M29 | N30: =SUM(B30:M30)
A34: TIME | B34: Motorcycle/Tuktuk | C34: Cars(<=5seats) | D34: Large Cars,4WD,SUVs | E34: Pickups/Vans | F34: Minibus/Matatus(<=14seat | G34: Small bus(14-33seat) | H34: Large bus(>33seat) | I34: Light Trucks(2axles) | J34: Medium Trucks(2axle,Double rear wheel) | K34: Heavy Trucks(3, 4 axles) | L34: Artics/draw-bar trucks | M34: Others (e.g tractors) | N34: TOTALS
A35: 11:30-11:45
A36: Mombasa Bound Lane 1 | B36: 18 | C36: 7 | D36: 4 | E36: 1 | F36: 2 | G36: 0 | H36: 0 | I36: 0 | J36: 2 | K36: 2 | L36: 0 | M36: 0 | N36: =SUM(B36:M36)
A37: Mombasa Bound Lane 2 | B37: 6 | C37: 6 | D37: 9 | E37: 5 | F37: 2 | G37: 1 | H37: 0 | I37: 0 | J37: 9 | K37: 8 | L37: 10 | M37: 0 | N37: =SUM(B37:M37)
A38: Mombasa Bound Lane 3 | B38: 2 | C38: 23 | D38: 25 | E38: 4 | F38: 3 | G38: 0 | H38: 1 | I38: 2 | J38: 9 | K38: 5 | L38: 8 | M38: 0 | N38: =SUM(B38:M38)
A39: VEHICLES | B39: =SUM(B36:B38) | C39: =SUM(C36:C38) | D39: =SUM(D36:D38) | E39: =SUM(E36:E38) | F39: =SUM(F36:F38) | G39: =SUM(G36:G38) | H39: =SUM(H36:H38) | I39: =SUM(I36:I38) | ... M39: =SUM(M36:M38) | N39: =SUM(B39:M39)
A40: Conversion Factor | B40: 0.5 | C40: 1 | D40: 1 | E40: 1.75 | F40: 1.75 | G40: 2 | H40: 2.5 | I40: 1.25 | J40: 1.5 | K40: 2.75 | L40: 3 | M40: 2
A41: PCUs, Passenger Car Units | B41: =B39*B40 | C41: =C39*C40 | D41: =D39*D40 | E41: =E39*E40 | F41: =F39*F40 | G41: =G39*G40 | H41: =H39*H40 | I41: =I39*I40 | ... M41: =M39*M40 | N41: =SUM(B41:M41)
A45: TIME | B45: Motorcycle/Tuktuk | C45: Cars(<=5seats) | D45: Large Cars,4WD,SUVs | E45: Pickups/Vans | F45: Minibus/Matatus(<=14seat | G45: Small bus(14-33seat) | H45: Large bus(>33seat) | I45: Light Trucks(2axles) | J45: Medium Trucks(2axle,Double rear wheel) | K45: Heavy Trucks(3, 4 axles) | L45: Artics/draw-bar trucks | M45: Others (e.g tractors) | N45: TOTALS
A46: 11:45-12:00
A47: Mombasa Bound Lane 1 | B47: 15 | C47: 12 | D47: 8 | E47: 4 | F47: 5 | G47: 0 | H47: 1 | I47: 0 | J47: 3 | K47: 0 | L47: 0 | M47: 0 | N47: =SUM(B47:M47)
A48: Mombasa Bound Lane 2 | B48: 8 | C48: 14 | D48: 9 | E48: 2 | F48: 2 | G48: 3 | H48: 0 | I48: 0 | J48: 14 | K48: 7 | L48: 20 | M48: 0 | N48: =SUM(B48:M48)
A49: Mombasa Bound Lane 3 | B49: 0 | C49: 24 | D49: 21 | E49: 5 | F49: 2 | G49: 0 | H49: 1 | I49: 2 | J49: 2 | K49: 4 | L49: 9 | M49: 0 | N49: =SUM(B49:M49)
A50: VEHICLES | B50: =SUM(B47:B49) | C50: =SUM(C47:C49) | D50: =SUM(D47:D49) | E50: =SUM(E47:E49) | F50: =SUM(F47:F49) | G50: =SUM(G47:G49) | H50: =SUM(H47:H49) | I50: =SUM(I47:I49) | ... M50: =SUM(M47:M49) | N50: =SUM(B50:M50)
A51: Conversion Factor | B51: 0.5 | C51: 1 | D51: 1 | E51: 1.75 | F51: 1.75 | G51: 2 | H51: 2.5 | I51: 1.25 | J51: 1.5 | K51: 2.75 | L51: 3 | M51: 2
A52: PCUs, Passenger Car Units | B52: =B50*B51 | C52: =C50*C51 | D52: =D50*D51 | E52: =E50*E51 | F52: =F50*F51 | G52: =G50*G51 | H52: =H50*H51 | I52: =I50*I51 | ... M52: =M50*M51 | N52: =SUM(B52:M52)
A56: HOURLY (1HR) SUMMARY
B58: Motorcycle/Tuktuk | C58: Cars(<=5seats) | D58: Large Cars,4WD,SUVs | E58: Pickups/Vans | F58: Minibus/Matatus(<=14seat | G58: Small bus(14-33seat) | H58: Large bus(>33seat) | I58: Light Trucks(2axles) | J58: Medium Trucks(2axle,Double rear wheel) | K58: Heavy Trucks(3, 4 axles) | L58: Artics/draw-bar trucks | M58: Others (e.g tractors) | N58: TOTALS
A59: 11 AM to 12 AM
A60: Mombasa Bound Lane 1 | B60: =(B14+B25+B36+B47) | C60: =(C14+C25+C36+C47) | D60: =(D14+D25+D36+D47) | E60: =(E14+E25+E36+E47) | F60: =(F14+F25+F36+F47) | G60: =(G14+G25+G36+G47) | H60: =(H14+H25+H36+H47) | I60: =(I14+I25+I36+I47) | ... M60: =(M14+M25+M36+M47) | N60: =SUM(B60:M60)
A61: Mombasa Bound Lane 2 | B61: =(B15+B26+B37+B48) | C61: =(C15+C26+C37+C48) | D61: =(D15+D26+D37+D48) | E61: =(E15+E26+E37+E48) | F61: =(F15+F26+F37+F48) | G61: =(G15+G26+G37+G48) | H61: =(H15+H26+H37+H48) | I61: =(I15+I26+I37+I48) | ... M61: =(M15+M26+M37+M48) | N61: =SUM(B61:M61)
A62: Mombasa Bound Lane 3 | B62: =(B16+B27+B38+B49) | C62: =(C16+C27+C38+C49) | D62: =(D16+D27+D38+D49) | E62: =(E16+E27+E38+E49) | F62: =(F16+F27+F38+F49) | G62: =(G16+G27+G38+G49) | H62: =(H16+H27+H38+H49) | I62: =(I16+I27+I38+I49) | ... M62: =(M16+M27+M38+M49) | N62: =SUM(B62:M62)
A63: VEHICLES | B63: =SUM(B60:B62) | C63: =SUM(C60:C62) | D63: =SUM(D60:D62) | E63: =SUM(E60:E62) | F63: =SUM(F60:F62) | G63: =SUM(G60:G62) | H63: =SUM(H60:H62) | I63: =SUM(I60:I62) | ... M63: =SUM(M60:M62) | N63: =SUM(B63:M63)
A64: Conversion Factor | B64: 0.5 | C64: 1 | D64: 1 | E64: 1.75 | F64: 1.75 | G64: 2 | H64: 2.5 | I64: 1.25 | J64: 1.5 | K64: 2.75 | L64: 3 | M64: 2
A65: PCUs, Passenger Car Units | B65: =B63*B64 | C65: =C63*C64 | D65: =D63*D64 | E65: =E63*E64 | F65: =F63*F64 | G65: =G63*G64 | H65: =H63*H64 | I65: =I63*I64 | ... M65: =M63*M64 | N65: =SUM(B65:M65)

Sheet 12-1PM
A1: 12:00 AM - 1:00 PM
A3: ='7-8AM'!A3:N3
A5: ='7-8AM'!A5:N5
A6: ='7-8AM'!A6:N6
A7: ='7-8AM'!A7:N7
A9: TRAFFIC VOLUME COUNTS DATA (RAW DATA)
A10: 15 MINUTES VOLUMES
A12: TIME | B12: Motorcycle/Tuktuk | C12: Cars(<=5seats) | D12: Large Cars,4WD,SUVs | E12: Pickups/Vans | F12: Minibus/Matatus(<=14seat | G12: Small bus(14-33seat) | H12: Large bus(>33seat) | I12: Light Trucks(2axles) | J12: Medium Trucks(2axle,Double rear wheel) | K12: Heavy Trucks(3, 4 axles) | L12: Artics/draw-bar trucks | M12: Others (e.g tractors) | N12: TOTALS
A13: 12:00-12:15
A14: Mombasa Bound Lane 1 | B14: 24 | C14: 30 | D14: 11 | E14: 3 | F14: 6 | G14: 1 | H14: 0 | I14: 0 | J14: 2 | K14: 1 | L14: 1 | M14: 0 | N14: =SUM(B14:M14)
A15: Mombasa Bound Lane 2 | B15: 8 | C15: 26 | D15: 19 | E15: 5 | F15: 6 | G15: 1 | H15: 0 | I15: 0 | J15: 14 | K15: 10 | L15: 31 | M15: 0 | N15: =SUM(B15:M15)
A16: Mombasa Bound Lane 3 | B16: 1 | C16: 24 | D16: 26 | E16: 9 | F16: 6 | G16: 0 | H16: 0 | I16: 0 | J16: 13 | K16: 2 | L16: 21 | M16: 0 | N16: =SUM(B16:M16)
A17: VEHICLES | B17: =SUM(B14:B16) | C17: =SUM(C14:C16) | D17: =SUM(D14:D16) | E17: =SUM(E14:E16) | F17: =SUM(F14:F16) | G17: =SUM(G14:G16) | H17: =SUM(H14:H16) | I17: =SUM(I14:I16) | ... M17: =SUM(M14:M16) | N17: =SUM(B17:M17)
A18: Conversion Factor | B18: 0.5 | C18: 1 | D18: 1 | E18: 1.75 | F18: 1.75 | G18: 2 | H18: 2.5 | I18: 1.25 | J18: 1.5 | K18: 2.75 | L18: 3 | M18: 2
A19: PCUs, Passenger Car Units | B19: =B17*B18 | C19: =C17*C18 | D19: =D17*D18 | E19: =E17*E18 | F19: =F17*F18 | G19: =G17*G18 | H19: =H17*H18 | I19: =I17*I18 | ... M19: =M17*M18 | N19: =SUM(B19:M19)
A23: TIME | B23: Motorcycle/Tuktuk | C23: Cars(<=5seats) | D23: Large Cars,4WD,SUVs | E23: Pickups/Vans | F23: Minibus/Matatus(<=14seat | G23: Small bus(14-33seat) | H23: Large bus(>33seat) | I23: Light Trucks(2axles) | J23: Medium Trucks(2axle,Double rear wheel) | K23: Heavy Trucks(3, 4 axles) | L23: Artics/draw-bar trucks | M23: Others (e.g tractors) | N23: TOTALS
A24: 12:15-12:30
A25: Mombasa Bound Lane 1 | B25: 22 | C25: 18 | D25: 8 | E25: 3 | F25: 7 | G25: 1 | H25: 0 | I25: 0 | J25: 4 | K25: 1 | L25: 1 | M25: 0 | N25: =SUM(B25:M25)
A26: Mombasa Bound Lane 2 | B26: 10 | C26: 26 | D26: 18 | E26: 8 | F26: 4 | G26: 2 | H26: 0 | I26: 0 | J26: 12 | K26: 8 | L26: 33 | M26: 0 | N26: =SUM(B26:M26)
A27: Mombasa Bound Lane 3 | B27: 2 | C27: 41 | D27: 32 | E27: 7 | F27: 5 | G27: 0 | H27: 0 | I27: 0 | J27: 13 | K27: 3 | L27: 19 | M27: 0 | N27: =SUM(B27:M27)
A28: VEHICLES | B28: =SUM(B25:B27) | C28: =SUM(C25:C27) | D28: =SUM(D25:D27) | E28: =SUM(E25:E27) | F28: =SUM(F25:F27) | G28: =SUM(G25:G27) | H28: =SUM(H25:H27) | I28: =SUM(I25:I27) | ... M28: =SUM(M25:M27) | N28: =SUM(B28:M28)
A29: Conversion Factor | B29: 0.5 | C29: 1 | D29: 1 | E29: 1.75 | F29: 1.75 | G29: 2 | H29: 2.5 | I29: 1.25 | J29: 1.5 | K29: 2.75 | L29: 3 | M29: 2
A30: PCUs, Passenger Car Units | B30: =B28*B29 | C30: =C28*C29 | D30: =D28*D29 | E30: =E28*E29 | F30: =F28*F29 | G30: =G28*G29 | H30: =H28*H29 | I30: =I28*I29 | ... M30: =M28*M29 | N30: =SUM(B30:M30)
A34: TIME | B34: Motorcycle/Tuktuk | C34: Cars(<=5seats) | D34: Large Cars,4WD,SUVs | E34: Pickups/Vans | F34: Minibus/Matatus(<=14seat | G34: Small bus(14-33seat) | H34: Large bus(>33seat) | I34: Light Trucks(2axles) | J34: Medium Trucks(2axle,Double rear wheel) | K34: Heavy Trucks(3, 4 axles) | L34: Artics/draw-bar trucks | M34: Others (e.g tractors) | N34: TOTALS
A35: 12:30-12:45
A36: Mombasa Bound Lane 1 | B36: 28 | C36: 22 | D36: 12 | E36: 3 | F36: 6 | G36: 0 | H36: 0 | I36: 0 | J36: 2 | K36: 1 | L36: 1 | M36: 0 | N36: =SUM(B36:M36)
A37: Mombasa Bound Lane 2 | B37: 9 | C37: 22 | D37: 12 | E37: 7 | F37: 5 | G37: 1 | H37: 0 | I37: 0 | J37: 13 | K37: 7 | L37: 23 | M37: 0 | N37: =SUM(B37:M37)
A38: Mombasa Bound Lane 3 | B38: 1 | C38: 33 | D38: 22 | E38: 8 | F38: 6 | G38: 0 | H38: 0 | I38: 0 | J38: 10 | K38: 2 | L38: 17 | M38: 0 | N38: =SUM(B38:M38)
A39: VEHICLES | B39: =SUM(B36:B38) | C39: =SUM(C36:C38) | D39: =SUM(D36:D38) | E39: =SUM(E36:E38) | F39: =SUM(F36:F38) | G39: =SUM(G36:G38) | H39: =SUM(H36:H38) | I39: =SUM(I36:I38) | ... M39: =SUM(M36:M38) | N39: =SUM(B39:M39)
A40: Conversion Factor | B40: 0.5 | C40: 1 | D40: 1 | E40: 1.75 | F40: 1.75 | G40: 2 | H40: 2.5 | I40: 1.25 | J40: 1.5 | K40: 2.75 | L40: 3 | M40: 2
A41: PCUs, Passenger Car Units | B41: =B39*B40 | C41: =C39*C40 | D41: =D39*D40 | E41: =E39*E40 | F41: =F39*F40 | G41: =G39*G40 | H41: =H39*H40 | I41: =I39*I40 | ... M41: =M39*M40 | N41: =SUM(B41:M41)
A45: TIME | B45: Motorcycle/Tuktuk | C45: Cars(<=5seats) | D45: Large Cars,4WD,SUVs | E45: Pickups/Vans | F45: Minibus/Matatus(<=14seat | G45: Small bus(14-33seat) | H45: Large bus(>33seat) | I45: Light Trucks(2axles) | J45: Medium Trucks(2axle,Double rear wheel) | K45: Heavy Trucks(3, 4 axles) | L45: Artics/draw-bar trucks | M45: Others (e.g tractors) | N45: TOTALS
A46: 12:45-1:00
A47: Mombasa Bound Lane 1 | B47: 38 | C47: 29 | D47: 13 | E47: 4 | F47: 5 | G47: 2 | H47: 2 | I47: 2 | J47: 5 | K47: 1 | L47: 2 | M47: 0 | N47: =SUM(B47:M47)
A48: Mombasa Bound Lane 2 | B48: 18 | C48: 21 | D48: 20 | E48: 7 | F48: 9 | G48: 5 | H48: 3 | I48: 3 | J48: 14 | K48: 14 | L48: 20 | M48: 0 | N48: =SUM(B48:M48)
A49: Mombasa Bound Lane 3 | B49: 5 | C49: 40 | D49: 28 | E49: 16 | F49: 9 | G49: 3 | H49: 2 | I49: 3 | J49: 9 | K49: 9 | L49: 19 | M49: 0 | N49: =SUM(B49:M49)
A50: VEHICLES | B50: =SUM(B47:B49) | C50: =SUM(C47:C49) | D50: =SUM(D47:D49) | E50: =SUM(E47:E49) | F50: =SUM(F47:F49) | G50: =SUM(G47:G49) | H50: =SUM(H47:H49) | I50: =SUM(I47:I49) | ... M50: =SUM(M47:M49) | N50: =SUM(B50:M50)
A51: Conversion Factor | B51: 0.5 | C51: 1 | D51: 1 | E51: 1.75 | F51: 1.75 | G51: 2 | H51: 2.5 | I51: 1.25 | J51: 1.5 | K51: 2.75 | L51: 3 | M51: 2
A52: PCUs, Passenger Car Units | B52: =B50*B51 | C52: =C50*C51 | D52: =D50*D51 | E52: =E50*E51 | F52: =F50*F51 | G52: =G50*G51 | H52: =H50*H51 | I52: =I50*I51 | ... M52: =M50*M51 | N52: =SUM(B52:M52)
A56: HOURLY (1HR) SUMMARY
B58: Motorcycle/Tuktuk | C58: Cars(<=5seats) | D58: Large Cars,4WD,SUVs | E58: Pickups/Vans | F58: Minibus/Matatus(<=14seat | G58: Small bus(14-33seat) | H58: Large bus(>33seat) | I58: Light Trucks(2axles) | J58: Medium Trucks(2axle,Double rear wheel) | K58: Heavy Trucks(3, 4 axles) | L58: Artics/draw-bar trucks | M58: Others (e.g tractors) | N58: TOTALS
A59: 12 PM to 1 PM
A60: Mombasa Bound Lane 1 | B60: =(B14+B25+B36+B47) | C60: =(C14+C25+C36+C47) | D60: =(D14+D25+D36+D47) | E60: =(E14+E25+E36+E47) | F60: =(F14+F25+F36+F47) | G60: =(G14+G25+G36+G47) | H60: =(H14+H25+H36+H47) | I60: =(I14+I25+I36+I47) | ... M60: =(M14+M25+M36+M47) | N60: =SUM(B60:M60)
A61: Mombasa Bound Lane 2 | B61: =(B15+B26+B37+B48) | C61: =(C15+C26+C37+C48) | D61: =(D15+D26+D37+D48) | E61: =(E15+E26+E37+E48) | F61: =(F15+F26+F37+F48) | G61: =(G15+G26+G37+G48) | H61: =(H15+H26+H37+H48) | I61: =(I15+I26+I37+I48) | ... M61: =(M15+M26+M37+M48) | N61: =SUM(B61:M61)
A62: Mombasa Bound Lane 3 | B62: =(B16+B27+B38+B49) | C62: =(C16+C27+C38+C49) | D62: =(D16+D27+D38+D49) | E62: =(E16+E27+E38+E49) | F62: =(F16+F27+F38+F49) | G62: =(G16+G27+G38+G49) | H62: =(H16+H27+H38+H49) | I62: =(I16+I27+I38+I49) | ... M62: =(M16+M27+M38+M49) | N62: =SUM(B62:M62)
A63: VEHICLES | B63: =SUM(B60:B62) | C63: =SUM(C60:C62) | D63: =SUM(D60:D62) | E63: =SUM(E60:E62) | F63: =SUM(F60:F62) | G63: =SUM(G60:G62) | H63: =SUM(H60:H62) | I63: =SUM(I60:I62) | ... M63: =SUM(M60:M62) | N63: =SUM(B63:M63)
A64: Conversion Factor | B64: 0.5 | C64: 1 | D64: 1 | E64: 1.75 | F64: 1.75 | G64: 2 | H64: 2.5 | I64: 1.25 | J64: 1.5 | K64: 2.75 | L64: 3 | M64: 2
A65: PCUs, Passenger Car Units | B65: =B63*B64 | C65: =C63*C64 | D65: =D63*D64 | E65: =E63*E64 | F65: =F63*F64 | G65: =G63*G64 | H65: =H63*H64 | I65: =I63*I64 | ... M65: =M63*M64 | N65: =SUM(B65:M65)

Sheet 1-2PM
A1: 1:00 PM - 2:00 PM
A3: ='7-8AM'!A3:N3
A5: ='7-8AM'!A5:N5
A6: ='7-8AM'!A6:N6
A7: ='7-8AM'!A7:N7
A9: TRAFFIC VOLUME COUNTS DATA (RAW DATA)
A10: 15 MINUTES VOLUMES
A12: TIME | B12: Motorcycle/Tuktuk | C12: Cars(<=5seats) | D12: Large Cars,4WD,SUVs | E12: Pickups/Vans | F12: Minibus/Matatus(<=14seat | G12: Small bus(14-33seat) | H12: Large bus(>33seat) | I12: Light Trucks(2axles) | J12: Medium Trucks(2axle,Double rear wheel) | K12: Heavy Trucks(3, 4 axles) | L12: Artics/draw-bar trucks | M12: Others (e.g tractors) | N12: TOTALS
A13: 1:00-1:15
A14: Mombasa Bound Lane 1 | B14: 28 | C14: 28 | D14: 8 | E14: 3 | F14: 4 | G14: 0 | H14: 0 | I14: 0 | J14: 2 | K14: 0 | L14: 1 | M14: 0 | N14: =SUM(B14:M14)
A15: Mombasa Bound Lane 2 | B15: 12 | C15: 26 | D15: 11 | E15: 8 | F15: 6 | G15: 2 | H15: 0 | I15: 0 | J15: 13 | K15: 8 | L15: 33 | M15: 0 | N15: =SUM(B15:M15)
A16: Mombasa Bound Lane 3 | B16: 2 | C16: 34 | D16: 26 | E16: 11 | F16: 6 | G16: 0 | H16: 0 | I16: 0 | J16: 13 | K16: 4 | L16: 20 | M16: 0 | N16: =SUM(B16:M16)
A17: VEHICLES | B17: =SUM(B14:B16) | C17: =SUM(C14:C16) | D17: =SUM(D14:D16) | E17: =SUM(E14:E16) | F17: =SUM(F14:F16) | G17: =SUM(G14:G16) | H17: =SUM(H14:H16) | I17: =SUM(I14:I16) | ... M17: =SUM(M14:M16) | N17: =SUM(B17:M17)
A18: Conversion Factor | B18: 0.5 | C18: 1 | D18: 1 | E18: 1.75 | F18: 1.75 | G18: 2 | H18: 2.5 | I18: 1.25 | J18: 1.5 | K18: 2.75 | L18: 3 | M18: 2
A19: PCUs, Passenger Car Units | B19: =B17*B18 | C19: =C17*C18 | D19: =D17*D18 | E19: =E17*E18 | F19: =F17*F18 | G19: =G17*G18 | H19: =H17*H18 | I19: =I17*I18 | ... M19: =M17*M18 | N19: =SUM(B19:M19)
A23: TIME | B23: Motorcycle/Tuktuk | C23: Cars(<=5seats) | D23: Large Cars,4WD,SUVs | E23: Pickups/Vans | F23: Minibus/Matatus(<=14seat | G23: Small bus(14-33seat) | H23: Large bus(>33seat) | I23: Light Trucks(2axles) | J23: Medium Trucks(2axle,Double rear wheel) | K23: Heavy Trucks(3, 4 axles) | L23: Artics/draw-bar trucks | M23: Others (e.g tractors) | N23: TOTALS
A24: 1:15-1:30
A25: Mombasa Bound Lane 1 | B25: 22 | C25: 22 | D25: 10 | E25: 3 | F25: 6 | G25: 1 | H25: 0 | I25: 0 | J25: 2 | K25: 0 | L25: 1 | M25: 0 | N25: =SUM(B25:M25)
A26: Mombasa Bound Lane 2 | B26: 15 | C26: 18 | D26: 14 | E26: 4 | F26: 4 | G26: 3 | H26: 0 | I26: 0 | J26: 17 | K26: 11 | L26: 26 | M26: 0 | N26: =SUM(B26:M26)
A27: Mombasa Bound Lane 3 | B27: 1 | C27: 46 | D27: 33 | E27: 7 | F27: 5 | G27: 1 | H27: 0 | I27: 0 | J27: 16 | K27: 3 | L27: 21 | M27: 0 | N27: =SUM(B27:M27)
A28: VEHICLES | B28: =SUM(B25:B27) | C28: =SUM(C25:C27) | D28: =SUM(D25:D27) | E28: =SUM(E25:E27) | F28: =SUM(F25:F27) | G28: =SUM(G25:G27) | H28: =SUM(H25:H27) | I28: =SUM(I25:I27) | ... M28: =SUM(M25:M27) | N28: =SUM(B28:M28)
A29: Conversion Factor | B29: 0.5 | C29: 1 | D29: 1 | E29: 1.75 | F29: 1.75 | G29: 2 | H29: 2.5 | I29: 1.25 | J29: 1.5 | K29: 2.75 | L29: 3 | M29: 2
A30: PCUs, Passenger Car Units | B30: =B28*B29 | C30: =C28*C29 | D30: =D28*D29 | E30: =E28*E29 | F30: =F28*F29 | G30: =G28*G29 | H30: =H28*H29 | I30: =I28*I29 | ... M30: =M28*M29 | N30: =SUM(B30:M30)
A34: TIME | B34: Motorcycle/Tuktuk | C34: Cars(<=5seats) | D34: Large Cars,4WD,SUVs | E34: Pickups/Vans | F34: Minibus/Matatus(<=14seat | G34: Small bus(14-33seat) | H34: Large bus(>33seat) | I34: Light Trucks(2axles) | J34: Medium Trucks(2axle,Double rear wheel) | K34: Heavy Trucks(3, 4 axles) | L34: Artics/draw-bar trucks | M34: Others (e.g tractors) | N34: TOTALS
A35: 1:30-1:45
A36: Mombasa Bound Lane 1 | B36: 25 | C36: 27 | D36: 9 | E36: 3 | F36: 5 | G36: 0 | H36: 0 | I36: 0 | J36: 2 | K36: 1 | L36: 1 | M36: 0 | N36: =SUM(B36:M36)
A37: Mombasa Bound Lane 2 | B37: 15 | C37: 23 | D37: 11 | E37: 5 | F37: 4 | G37: 3 | H37: 0 | I37: 0 | J37: 17 | K37: 5 | L37: 21 | M37: 0 | N37: 66
A38: Mombasa Bound Lane 3 | B38: 2 | C38: 30 | D38: 20 | E38: 7 | F38: 7 | G38: 0 | H38: 0 | I38: 1 | J38: 9 | K38: 4 | L38: 15 | M38: 0 | N38: =SUM(B38:M38)
A39: VEHICLES | B39: =SUM(B36:B38) | C39: =SUM(C36:C38) | D39: =SUM(D36:D38) | E39: =SUM(E36:E38) | F39: =SUM(F36:F38) | G39: =SUM(G36:G38) | H39: =SUM(H36:H38) | I39: =SUM(I36:I38) | ... M39: =SUM(M36:M38) | N39: =SUM(B39:M39)
A40: Conversion Factor | B40: 0.5 | C40: 1 | D40: 1 | E40: 1.75 | F40: 1.75 | G40: 2 | H40: 2.5 | I40: 1.25 | J40: 1.5 | K40: 2.75 | L40: 3 | M40: 2
A41: PCUs, Passenger Car Units | B41: =B39*B40 | C41: =C39*C40 | D41: =D39*D40 | E41: =E39*E40 | F41: =F39*F40 | G41: =G39*G40 | H41: =H39*H40 | I41: =I39*I40 | ... M41: =M39*M40 | N41: =SUM(B41:M41)
A45: TIME | B45: Motorcycle/Tuktuk | C45: Cars(<=5seats) | D45: Large Cars,4WD,SUVs | E45: Pickups/Vans | F45: Minibus/Matatus(<=14seat | G45: Small bus(14-33seat) | H45: Large bus(>33seat) | I45: Light Trucks(2axles) | J45: Medium Trucks(2axle,Double rear wheel) | K45: Heavy Trucks(3, 4 axles) | L45: Artics/draw-bar trucks | M45: Others (e.g tractors) | N45: TOTALS
A46: 1:45-2:00
A47: Mombasa Bound Lane 1 | B47: 28 | C47: 13 | D47: 15 | E47: 6 | F47: 8 | G47: 3 | H47: 1 | I47: 1 | J47: 8 | K47: 3 | L47: 3 | M47: 0 | N47: =SUM(B47:M47)
A48: Mombasa Bound Lane 2 | B48: 7 | C48: 36 | D48: 30 | E48: 9 | F48: 11 | G48: 4 | H48: 3 | I48: 3 | J48: 22 | K48: 10 | L48: 28 | M48: 0 | N48: =SUM(B48:M48)
A49: Mombasa Bound Lane 3 | B49: 5 | C49: 50 | D49: 25 | E49: 14 | F49: 7 | G49: 3 | H49: 2 | I49: 3 | J49: 14 | K49: 5 | L49: 12 | M49: 0 | N49: =SUM(B49:M49)
A50: VEHICLES | B50: =SUM(B47:B49) | C50: =SUM(C47:C49) | D50: =SUM(D47:D49) | E50: =SUM(E47:E49) | F50: =SUM(F47:F49) | G50: =SUM(G47:G49) | H50: =SUM(H47:H49) | I50: =SUM(I47:I49) | ... M50: =SUM(M47:M49) | N50: =SUM(B50:M50)
A51: Conversion Factor | B51: 0.5 | C51: 1 | D51: 1 | E51: 1.75 | F51: 1.75 | G51: 2 | H51: 2.5 | I51: 1.25 | J51: 1.5 | K51: 2.75 | L51: 3 | M51: 2
A52: PCUs, Passenger Car Units | B52: =B50*B51 | C52: =C50*C51 | D52: =D50*D51 | E52: =E50*E51 | F52: =F50*F51 | G52: =G50*G51 | H52: =H50*H51 | I52: =I50*I51 | ... M52: =M50*M51 | N52: =SUM(B52:M52)
A56: HOURLY (1HR) SUMMARY
B58: Motorcycle/Tuktuk | C58: Cars(<=5seats) | D58: Large Cars,4WD,SUVs | E58: Pickups/Vans | F58: Minibus/Matatus(<=14seat | G58: Small bus(14-33seat) | H58: Large bus(>33seat) | I58: Light Trucks(2axles) | J58: Medium Trucks(2axle,Double rear wheel) | K58: Heavy Trucks(3, 4 axles) | L58: Artics/draw-bar trucks | M58: Others (e.g tractors) | N58: TOTALS
A59: 1 PM to 2 PM
A60: Mombasa Bound Lane 1 | B60: =(B14+B25+B36+B47) | C60: =(C14+C25+C36+C47) | D60: =(D14+D25+D36+D47) | E60: =(E14+E25+E36+E47) | F60: =(F14+F25+F36+F47) | G60: =(G14+G25+G36+G47) | H60: =(H14+H25+H36+H47) | I60: =(I14+I25+I36+I47) | ... M60: =(M14+M25+M36+M47) | N60: =SUM(B60:M60)
A61: Mombasa Bound Lane 2 | B61: =(B15+B26+B37+B48) | C61: =(C15+C26+C37+C48) | D61: =(D15+D26+D37+D48) | E61: =(E15+E26+E37+E48) | F61: =(F15+F26+F37+F48) | G61: =(G15+G26+G37+G48) | H61: =(H15+H26+H37+H48) | I61: =(I15+I26+I37+I48) | ... M61: =(M15+M26+M37+M48) | N61: =SUM(B61:M61)
A62: Mombasa Bound Lane 3 | B62: =(B16+B27+B38+B49) | C62: =(C16+C27+C38+C49) | D62: =(D16+D27+D38+D49) | E62: =(E16+E27+E38+E49) | F62: =(F16+F27+F38+F49) | G62: =(G16+G27+G38+G49) | H62: =(H16+H27+H38+H49) | I62: =(I16+I27+I38+I49) | ... M62: =(M16+M27+M38+M49) | N62: =SUM(B62:M62)
A63: VEHICLES | B63: =SUM(B60:B62) | C63: =SUM(C60:C62) | D63: =SUM(D60:D62) | E63: =SUM(E60:E62) | F63: =SUM(F60:F62) | G63: =SUM(G60:G62) | H63: =SUM(H60:H62) | I63: =SUM(I60:I62) | ... M63: =SUM(M60:M62) | N63: =SUM(B63:M63)
A64: Conversion Factor | B64: 0.5 | C64: 1 | D64: 1 | E64: 1.75 | F64: 1.75 | G64: 2 | H64: 2.5 | I64: 1.25 | J64: 1.5 | K64: 2.75 | L64: 3 | M64: 2
A65: PCUs, Passenger Car Units | B65: =B63*B64 | C65: =C63*C64 | D65: =D63*D64 | E65: =E63*E64 | F65: =F63*F64 | G65: =G63*G64 | H65: =H63*H64 | I65: =I63*I64 | ... M65: =M63*M64 | N65: =SUM(B65:M65)

Sheet 2-3PM
A1: 2:00 PM - 3:00 PM
A3: ='7-8AM'!A3:N3
A5: ='7-8AM'!A5:N5
A6: ='7-8AM'!A6:N6
A7: ='7-8AM'!A7:N7
A9: TRAFFIC VOLUME COUNTS DATA (RAW DATA)
A10: 15 MINUTES VOLUMES
A12: TIME | B12: Motorcycle/Tuktuk | C12: Cars(<=5seats) | D12: Large Cars,4WD,SUVs | E12: Pickups/Vans | F12: Minibus/Matatus(<=14seat | G12: Small bus(14-33seat) | H12: Large bus(>33seat) | I12: Light Trucks(2axles) | J12: Medium Trucks(2axle,Double rear wheel) | K12: Heavy Trucks(3, 4 axles) | L12: Artics/draw-bar trucks | M12: Others (e.g tractors) | N12: TOTALS
A13: 2:00-2:15
A14: Mombasa Bound Lane 1 | B14: 21 | C14: 26 | D14: 13 | E14: 2 | F14: 6 | G14: 1 | H14: 0 | I14: 0 | J14: 3 | K14: 0 | L14: 1 | M14: 0 | N14: =SUM(B14:M14)
A15: Mombasa Bound Lane 2 | B15: 11 | C15: 36 | D15: 20 | E15: 6 | F15: 3 | G15: 3 | H15: 0 | I15: 0 | J15: 10 | K15: 9 | L15: 25 | M15: 0 | N15: =SUM(B15:M15)
A16: Mombasa Bound Lane 3 | B16: 2 | C16: 37 | D16: 19 | E16: 11 | F16: 6 | G16: 1 | H16: 0 | I16: 0 | J16: 12 | K16: 5 | L16: 17 | M16: 0 | N16: =SUM(B16:M16)
A17: VEHICLES | B17: =SUM(B14:B16) | C17: =SUM(C14:C16) | D17: =SUM(D14:D16) | E17: =SUM(E14:E16) | F17: =SUM(F14:F16) | G17: =SUM(G14:G16) | H17: =SUM(H14:H16) | I17: =SUM(I14:I16) | ... M17: =SUM(M14:M16) | N17: =SUM(B17:M17)
A18: Conversion Factor | B18: 0.5 | C18: 1 | D18: 1 | E18: 1.75 | F18: 1.75 | G18: 2 | H18: 2.5 | I18: 1.25 | J18: 1.5 | K18: 2.75 | L18: 3 | M18: 2
A19: PCUs, Passenger Car Units | B19: =B17*B18 | C19: =C17*C18 | D19: =D17*D18 | E19: =E17*E18 | F19: =F17*F18 | G19: =G17*G18 | H19: =H17*H18 | I19: =I17*I18 | ... M19: =M17*M18 | N19: =SUM(B19:M19)
A23: TIME | B23: Motorcycle/Tuktuk | C23: Cars(<=5seats) | D23: Large Cars,4WD,SUVs | E23: Pickups/Vans | F23: Minibus/Matatus(<=14seat | G23: Small bus(14-33seat) | H23: Large bus(>33seat) | I23: Light Trucks(2axles) | J23: Medium Trucks(2axle,Double rear wheel) | K23: Heavy Trucks(3, 4 axles) | L23: Artics/draw-bar trucks | M23: Others (e.g tractors) | N23: TOTALS
A24: 2:15-2:30
A25: Mombasa Bound Lane 1 | B25: 24 | C25: 16 | D25: 11 | E25: 3 | F25: 3 | G25: 1 | H25: 0 | I25: 0 | J25: 3 | K25: 0 | L25: 1 | M25: 0 | N25: =SUM(B25:M25)
A26: Mombasa Bound Lane 2 | B26: 8 | C26: 28 | D26: 19 | E26: 7 | F26: 6 | G26: 2 | H26: 0 | I26: 0 | J26: 17 | K26: 11 | L26: 30 | M26: 0 | N26: =SUM(B26:M26)
A27: Mombasa Bound Lane 3 | B27: 1 | C27: 31 | D27: 28 | E27: 8 | F27: 7 | G27: 0 | H27: 0 | I27: 0 | J27: 12 | K27: 2 | L27: 16 | M27: 0 | N27: =SUM(B27:M27)
A28: VEHICLES | B28: =SUM(B25:B27) | C28: =SUM(C25:C27) | D28: =SUM(D25:D27) | E28: =SUM(E25:E27) | F28: =SUM(F25:F27) | G28: =SUM(G25:G27) | H28: =SUM(H25:H27) | I28: =SUM(I25:I27) | ... M28: =SUM(M25:M27) | N28: =SUM(B28:M28)
A29: Conversion Factor | B29: 0.5 | C29: 1 | D29: 1 | E29: 1.75 | F29: 1.75 | G29: 2 | H29: 2.5 | I29: 1.25 | J29: 1.5 | K29: 2.75 | L29: 3 | M29: 2
A30: PCUs, Passenger Car Units | B30: =B28*B29 | C30: =C28*C29 | D30: =D28*D29 | E30: =E28*E29 | F30: =F28*F29 | G30: =G28*G29 | H30: =H28*H29 | I30: =I28*I29 | ... M30: =M28*M29 | N30: =SUM(B30:M30)
A34: TIME | B34: Motorcycle/Tuktuk | C34: Cars(<=5seats) | D34: Large Cars,4WD,SUVs | E34: Pickups/Vans | F34: Minibus/Matatus(<=14seat | G34: Small bus(14-33seat) | H34: Large bus(>33seat) | I34: Light Trucks(2axles) | J34: Medium Trucks(2axle,Double rear wheel) | K34: Heavy Trucks(3, 4 axles) | L34: Artics/draw-bar trucks | M34: Others (e.g tractors) | N34: TOTALS
A35: 2:30-2:45
A36: Mombasa Bound Lane 1 | B36: 23 | C36: 18 | D36: 11 | E36: 2 | F36: 7 | G36: 1 | H36: 0 | I36: 0 | J36: 2 | K36: 0 | L36: 0 | M36: 0 | N36: =SUM(B36:M36)
A37: Mombasa Bound Lane 2 | B37: 8 | C37: 21 | D37: 13 | E37: 5 | F37: 3 | G37: 3 | H37: 0 | I37: 0 | J37: 14 | K37: 6 | L37: 32 | M37: 0 | N37: =SUM(B37:M37)
A38: Mombasa Bound Lane 3 | B38: 2 | C38: 32 | D38: 19 | E38: 10 | F38: 7 | G38: 1 | H38: 0 | I38: 0 | J38: 10 | K38: 4 | L38: 17 | M38: 0 | N38: =SUM(B38:M38)
A39: VEHICLES | B39: =SUM(B36:B38) | C39: =SUM(C36:C38) | D39: =SUM(D36:D38) | E39: =SUM(E36:E38) | F39: =SUM(F36:F38) | G39: =SUM(G36:G38) | H39: =SUM(H36:H38) | I39: =SUM(I36:I38) | ... M39: =SUM(M36:M38) | N39: =SUM(B39:M39)
A40: Conversion Factor | B40: 0.5 | C40: 1 | D40: 1 | E40: 1.75 | F40: 1.75 | G40: 2 | H40: 2.5 | I40: 1.25 | J40: 1.5 | K40: 2.75 | L40: 3 | M40: 2
A41: PCUs, Passenger Car Units | B41: =B39*B40 | C41: =C39*C40 | D41: =D39*D40 | E41: =E39*E40 | F41: =F39*F40 | G41: =G39*G40 | H41: =H39*H40 | I41: =I39*I40 | ... M41: =M39*M40 | N41: =SUM(B41:M41)
A45: TIME | B45: Motorcycle/Tuktuk | C45: Cars(<=5seats) | D45: Large Cars,4WD,SUVs | E45: Pickups/Vans | F45: Minibus/Matatus(<=14seat | G45: Small bus(14-33seat) | H45: Large bus(>33seat) | I45: Light Trucks(2axles) | J45: Medium Trucks(2axle,Double rear wheel) | K45: Heavy Trucks(3, 4 axles) | L45: Artics/draw-bar trucks | M45: Others (e.g tractors) | N45: TOTALS
A46: 2:45-3:00
A47: Mombasa Bound Lane 1 | B47: 31 | C47: 24 | D47: 7 | E47: 7 | F47: 6 | G47: 2 | H47: 1 | I47: 1 | J47: 6 | K47: 3 | L47: 3 | M47: 0 | N47: =SUM(B47:M47)
A48: Mombasa Bound Lane 2 | B48: 15 | C48: 30 | D48: 13 | E48: 12 | F48: 9 | G48: 2 | H48: 3 | I48: 3 | J48: 14 | K48: 9 | L48: 25 | M48: 0 | N48: =SUM(B48:M48)
A49: Mombasa Bound Lane 3 | B49: 5 | C49: 43 | D49: 28 | E49: 11 | F49: 6 | G49: 2 | H49: 2 | I49: 3 | J49: 14 | K49: 6 | L49: 13 | M49: 0 | N49: =SUM(B49:M49)
A50: VEHICLES | B50: =SUM(B47:B49) | C50: =SUM(C47:C49) | D50: =SUM(D47:D49) | E50: =SUM(E47:E49) | F50: =SUM(F47:F49) | G50: =SUM(G47:G49) | H50: =SUM(H47:H49) | I50: =SUM(I47:I49) | ... M50: =SUM(M47:M49) | N50: =SUM(B50:M50)
A51: Conversion Factor | B51: 0.5 | C51: 1 | D51: 1 | E51: 1.75 | F51: 1.75 | G51: 2 | H51: 2.5 | I51: 1.25 | J51: 1.5 | K51: 2.75 | L51: 3 | M51: 2
A52: PCUs, Passenger Car Units | B52: =B50*B51 | C52: =C50*C51 | D52: =D50*D51 | E52: =E50*E51 | F52: =F50*F51 | G52: =G50*G51 | H52: =H50*H51 | I52: =I50*I51 | ... M52: =M50*M51 | N52: =SUM(B52:M52)
A56: HOURLY (1HR) SUMMARY
B58: Motorcycle/Tuktuk | C58: Cars(<=5seats) | D58: Large Cars,4WD,SUVs | E58: Pickups/Vans | F58: Minibus/Matatus(<=14seat | G58: Small bus(14-33seat) | H58: Large bus(>33seat) | I58: Light Trucks(2axles) | J58: Medium Trucks(2axle,Double rear wheel) | K58: Heavy Trucks(3, 4 axles) | L58: Artics/draw-bar trucks | M58: Others (e.g tractors) | N58: TOTALS
A59: 2 PM to 3 PM
A60: Mombasa Bound Lane 1 | B60: =(B14+B25+B36+B47) | C60: =(C14+C25+C36+C47) | D60: =(D14+D25+D36+D47) | E60: =(E14+E25+E36+E47) | F60: =(F14+F25+F36+F47) | G60: =(G14+G25+G36+G47) | H60: =(H14+H25+H36+H47) | I60: =(I14+I25+I36+I47) | ... M60: =(M14+M25+M36+M47) | N60: =SUM(B60:M60)
A61: Mombasa Bound Lane 2 | B61: =(B15+B26+B37+B48) | C61: =(C15+C26+C37+C48) | D61: =(D15+D26+D37+D48) | E61: =(E15+E26+E37+E48) | F61: =(F15+F26+F37+F48) | G61: =(G15+G26+G37+G48) | H61: =(H15+H26+H37+H48) | I61: =(I15+I26+I37+I48) | ... M61: =(M15+M26+M37+M48) | N61: =SUM(B61:M61)
A62: Mombasa Bound Lane 3 | B62: =(B16+B27+B38+B49) | C62: =(C16+C27+C38+C49) | D62: =(D16+D27+D38+D49) | E62: =(E16+E27+E38+E49) | F62: =(F16+F27+F38+F49) | G62: =(G16+G27+G38+G49) | H62: =(H16+H27+H38+H49) | I62: =(I16+I27+I38+I49) | ... M62: =(M16+M27+M38+M49) | N62: =SUM(B62:M62)
A63: VEHICLES | B63: =SUM(B60:B62) | C63: =SUM(C60:C62) | D63: =SUM(D60:D62) | E63: =SUM(E60:E62) | F63: =SUM(F60:F62) | G63: =SUM(G60:G62) | H63: =SUM(H60:H62) | I63: =SUM(I60:I62) | ... M63: =SUM(M60:M62) | N63: =SUM(B63:M63)
A64: Conversion Factor | B64: 0.5 | C64: 1 | D64: 1 | E64: 1.75 | F64: 1.75 | G64: 2 | H64: 2.5 | I64: 1.25 | J64: 1.5 | K64: 2.75 | L64: 3 | M64: 2
A65: PCUs, Passenger Car Units | B65: =B63*B64 | C65: =C63*C64 | D65: =D63*D64 | E65: =E63*E64 | F65: =F63*F64 | G65: =G63*G64 | H65: =H63*H64 | I65: =I63*I64 | ... M65: =M63*M64 | N65: =SUM(B65:M65)

Sheet 3-4PM
A1: 3:00 AM - 4:00 AM
A3: ='7-8AM'!A3:N3
A5: ='7-8AM'!A5:N5
A6: ='7-8AM'!A6:N6
A7: ='7-8AM'!A7:N7
A9: TRAFFIC VOLUME COUNTS DATA (RAW DATA)
A10: 15 MINUTES VOLUMES
A12: TIME | B12: Motorcycle/Tuktuk | C12: Cars(<=5seats) | D12: Large Cars,4WD,SUVs | E12: Pickups/Vans | F12: Minibus/Matatus(<=14seat | G12: Small bus(14-33seat) | H12: Large bus(>33seat) | I12: Light Trucks(2axles) | J12: Medium Trucks(2axle,Double rear wheel) | K12: Heavy Trucks(3, 4 axles) | L12: Artics/draw-bar trucks | M12: Others (e.g tractors) | N12: TOTALS
A13: 3:00-3:15
A14: Mombasa Bound Lane 1 | B14: 18 | C14: 24 | D14: 10 | E14: 3 | F14: 7 | G14: 0 | H14: 0 | I14: 0 | J14: 2 | K14: 0 | L14: 0 | M14: 0 | N14: =SUM(B14:M14)
A15: Mombasa Bound Lane 2 | B15: 8 | C15: 35 | D15: 15 | E15: 5 | F15: 7 | G15: 1 | H15: 0 | I15: 0 | J15: 20 | K15: 11 | L15: 27 | M15: 0 | N15: =SUM(B15:M15)
A16: Mombasa Bound Lane 3 | B16: 1 | C16: 35 | D16: 26 | E16: 11 | F16: 9 | G16: 0 | H16: 0 | I16: 0 | J16: 11 | K16: 3 | L16: 15 | M16: 0 | N16: =SUM(B16:M16)
A17: VEHICLES | B17: =SUM(B14:B16) | C17: =SUM(C14:C16) | D17: =SUM(D14:D16) | E17: =SUM(E14:E16) | F17: =SUM(F14:F16) | G17: =SUM(G14:G16) | H17: =SUM(H14:H16) | I17: =SUM(I14:I16) | ... M17: =SUM(M14:M16) | N17: =SUM(B17:M17)
A18: Conversion Factor | B18: 0.5 | C18: 1 | D18: 1 | E18: 1.75 | F18: 1.75 | G18: 2 | H18: 2.5 | I18: 1.25 | J18: 1.5 | K18: 2.75 | L18: 3 | M18: 2
A19: PCUs, Passenger Car Units | B19: =B17*B18 | C19: =C17*C18 | D19: =D17*D18 | E19: =E17*E18 | F19: =F17*F18 | G19: =G17*G18 | H19: =H17*H18 | I19: =I17*I18 | ... M19: =M17*M18 | N19: =SUM(B19:M19)
A23: TIME | B23: Motorcycle/Tuktuk | C23: Cars(<=5seats) | D23: Large Cars,4WD,SUVs | E23: Pickups/Vans | F23: Minibus/Matatus(<=14seat | G23: Small bus(14-33seat) | H23: Large bus(>33seat) | I23: Light Trucks(2axles) | J23: Medium Trucks(2axle,Double rear wheel) | K23: Heavy Trucks(3, 4 axles) | L23: Artics/draw-bar trucks | M23: Others (e.g tractors) | N23: TOTALS
A24: 3:15-3:30
A25: Mombasa Bound Lane 1 | B25: 30 | C25: 18 | D25: 11 | E25: 3 | F25: 4 | G25: 0 | H25: 0 | I25: 0 | J25: 2 | K25: 0 | L25: 1 | M25: 0 | N25: =SUM(B25:M25)
A26: Mombasa Bound Lane 2 | B26: 9 | C26: 33 | D26: 18 | E26: 8 | F26: 5 | G26: 2 | H26: 0 | I26: 0 | J26: 13 | K26: 8 | L26: 27 | M26: 0 | N26: =SUM(B26:M26)
A27: Mombasa Bound Lane 3 | B27: 2 | C27: 42 | D27: 20 | E27: 9 | F27: 6 | G27: 0 | H27: 0 | I27: 0 | J27: 11 | K27: 5 | L27: 18 | M27: 0 | N27: =SUM(B27:M27)
A28: VEHICLES | B28: =SUM(B25:B27) | C28: =SUM(C25:C27) | D28: =SUM(D25:D27) | E28: =SUM(E25:E27) | F28: =SUM(F25:F27) | G28: =SUM(G25:G27) | H28: =SUM(H25:H27) | I28: =SUM(I25:I27) | ... M28: =SUM(M25:M27) | N28: =SUM(B28:M28)
A29: Conversion Factor | B29: 0.5 | C29: 1 | D29: 1 | E29: 1.75 | F29: 1.75 | G29: 2 | H29: 2.5 | I29: 1.25 | J29: 1.5 | K29: 2.75 | L29: 3 | M29: 2
A30: PCUs, Passenger Car Units | B30: =B28*B29 | C30: =C28*C29 | D30: =D28*D29 | E30: =E28*E29 | F30: =F28*F29 | G30: =G28*G29 | H30: =H28*H29 | I30: =I28*I29 | ... M30: =M28*M29 | N30: =SUM(B30:M30)
A34: TIME | B34: Motorcycle/Tuktuk | C34: Cars(<=5seats) | D34: Large Cars,4WD,SUVs | E34: Pickups/Vans | F34: Minibus/Matatus(<=14seat | G34: Small bus(14-33seat) | H34: Large bus(>33seat) | I34: Light Trucks(2axles) | J34: Medium Trucks(2axle,Double rear wheel) | K34: Heavy Trucks(3, 4 axles) | L34: Artics/draw-bar trucks | M34: Others (e.g tractors) | N34: TOTALS
A35: 3:30-3:45
A36: Mombasa Bound Lane 1 | B36: 32 | C36: 21 | D36: 8 | E36: 4 | F36: 4 | G36: 0 | H36: 0 | I36: 0 | J36: 3 | K36: 0 | L36: 1 | M36: 0 | N36: =SUM(B36:M36)
A37: Mombasa Bound Lane 2 | B37: 13 | C37: 23 | D37: 19 | E37: 6 | F37: 7 | G37: 2 | H37: 0 | I37: 0 | J37: 15 | K37: 11 | L37: 21 | M37: 0 | N37: =SUM(B37:M37)
A38: Mombasa Bound Lane 3 | B38: 2 | C38: 29 | D38: 32 | E38: 7 | F38: 8 | G38: 1 | H38: 0 | I38: 0 | J38: 11 | K38: 4 | L38: 17 | M38: 0 | N38: =SUM(B38:M38)
A39: VEHICLES | B39: =SUM(B36:B38) | C39: =SUM(C36:C38) | D39: =SUM(D36:D38) | E39: =SUM(E36:E38) | F39: =SUM(F36:F38) | G39: =SUM(G36:G38) | H39: =SUM(H36:H38) | I39: =SUM(I36:I38) | ... M39: =SUM(M36:M38) | N39: =SUM(B39:M39)
A40: Conversion Factor | B40: 0.5 | C40: 1 | D40: 1 | E40: 1.75 | F40: 1.75 | G40: 2 | H40: 2.5 | I40: 1.25 | J40: 1.5 | K40: 2.75 | L40: 3 | M40: 2
A41: PCUs, Passenger Car Units | B41: =B39*B40 | C41: =C39*C40 | D41: =D39*D40 | E41: =E39*E40 | F41: =F39*F40 | G41: =G39*G40 | H41: =H39*H40 | I41: =I39*I40 | ... M41: =M39*M40 | N41: =SUM(B41:M41)
A45: TIME | B45: Motorcycle/Tuktuk | C45: Cars(<=5seats) | D45: Large Cars,4WD,SUVs | E45: Pickups/Vans | F45: Minibus/Matatus(<=14seat | G45: Small bus(14-33seat) | H45: Large bus(>33seat) | I45: Light Trucks(2axles) | J45: Medium Trucks(2axle,Double rear wheel) | K45: Heavy Trucks(3, 4 axles) | L45: Artics/draw-bar trucks | M45: Others (e.g tractors) | N45: TOTALS
A46: 3:45-4:00
A47: Mombasa Bound Lane 1 | B47: 23 | C47: 15 | D47: 17 | E47: 6 | F47: 8 | G47: 3 | H47: 1 | I47: 1 | J47: 6 | K47: 4 | L47: 3 | M47: 0 | N47: =SUM(B47:M47)
A48: Mombasa Bound Lane 2 | B48: 17 | C48: 22 | D48: 15 | E48: 8 | F48: 6 | G48: 4 | H48: 3 | I48: 3 | J48: 21 | K48: 8 | L48: 33 | M48: 0 | N48: =SUM(B48:M48)
A49: Mombasa Bound Lane 3 | B49: 5 | C49: 48 | D49: 27 | E49: 15 | F49: 9 | G49: 3 | H49: 2 | I49: 3 | J49: 24 | K49: 5 | L49: 8 | M49: 0 | N49: =SUM(B49:M49)
A50: VEHICLES | B50: =SUM(B47:B49) | C50: =SUM(C47:C49) | D50: =SUM(D47:D49) | E50: =SUM(E47:E49) | F50: =SUM(F47:F49) | G50: =SUM(G47:G49) | H50: =SUM(H47:H49) | I50: =SUM(I47:I49) | ... M50: =SUM(M47:M49) | N50: =SUM(B50:M50)
A51: Conversion Factor | B51: 0.5 | C51: 1 | D51: 1 | E51: 1.75 | F51: 1.75 | G51: 2 | H51: 2.5 | I51: 1.25 | J51: 1.5 | K51: 2.75 | L51: 3 | M51: 2
A52: PCUs, Passenger Car Units | B52: =B50*B51 | C52: =C50*C51 | D52: =D50*D51 | E52: =E50*E51 | F52: =F50*F51 | G52: =G50*G51 | H52: =H50*H51 | I52: =I50*I51 | ... M52: =M50*M51 | N52: =SUM(B52:M52)
A56: HOURLY (1HR) SUMMARY
B58: Motorcycle/Tuktuk | C58: Cars(<=5seats) | D58: Large Cars,4WD,SUVs | E58: Pickups/Vans | F58: Minibus/Matatus(<=14seat | G58: Small bus(14-33seat) | H58: Large bus(>33seat) | I58: Light Trucks(2axles) | J58: Medium Trucks(2axle,Double rear wheel) | K58: Heavy Trucks(3, 4 axles) | L58: Artics/draw-bar trucks | M58: Others (e.g tractors) | N58: TOTALS
A59: 3 PM to 4 PM
A60: Mombasa Bound Lane 1 | B60: =(B14+B25+B36+B47) | C60: =(C14+C25+C36+C47) | D60: =(D14+D25+D36+D47) | E60: =(E14+E25+E36+E47) | F60: =(F14+F25+F36+F47) | G60: =(G14+G25+G36+G47) | H60: =(H14+H25+H36+H47) | I60: =(I14+I25+I36+I47) | ... M60: =(M14+M25+M36+M47) | N60: =SUM(B60:M60)
A61: Mombasa Bound Lane 2 | B61: =(B15+B26+B37+B48) | C61: =(C15+C26+C37+C48) | D61: =(D15+D26+D37+D48) | E61: =(E15+E26+E37+E48) | F61: =(F15+F26+F37+F48) | G61: =(G15+G26+G37+G48) | H61: =(H15+H26+H37+H48) | I61: =(I15+I26+I37+I48) | ... M61: =(M15+M26+M37+M48) | N61: =SUM(B61:M61)
A62: Mombasa Bound Lane 3 | B62: =(B16+B27+B38+B49) | C62: =(C16+C27+C38+C49) | D62: =(D16+D27+D38+D49) | E62: =(E16+E27+E38+E49) | F62: =(F16+F27+F38+F49) | G62: =(G16+G27+G38+G49) | H62: =(H16+H27+H38+H49) | I62: =(I16+I27+I38+I49) | ... M62: =(M16+M27+M38+M49) | N62: =SUM(B62:M62)
A63: VEHICLES | B63: =SUM(B60:B62) | C63: =SUM(C60:C62) | D63: =SUM(D60:D62) | E63: =SUM(E60:E62) | F63: =SUM(F60:F62) | G63: =SUM(G60:G62) | H63: =SUM(H60:H62) | I63: =SUM(I60:I62) | ... M63: =SUM(M60:M62) | N63: =SUM(B63:M63)
A64: Conversion Factor | B64: 0.5 | C64: 1 | D64: 1 | E64: 1.75 | F64: 1.75 | G64: 2 | H64: 2.5 | I64: 1.25 | J64: 1.5 | K64: 2.75 | L64: 3 | M64: 2
A65: PCUs, Passenger Car Units | B65: =B63*B64 | C65: =C63*C64 | D65: =D63*D64 | E65: =E63*E64 | F65: =F63*F64 | G65: =G63*G64 | H65: =H63*H64 | I65: =I63*I64 | ... M65: =M63*M64 | N65: =SUM(B65:M65)

Sheet 4-5PM
A1: 4:00 PM - 5:00 PM
A3: ='7-8AM'!A3:N3
A5: ='7-8AM'!A5:N5
A6: ='7-8AM'!A6:N6
A7: ='7-8AM'!A7:N7
A9: TRAFFIC VOLUME COUNTS DATA (RAW DATA)
A10: 15 MINUTES VOLUMES
A12: TIME | B12: Motorcycle/Tuktuk | C12: Cars(<=5seats) | D12: Large Cars,4WD,SUVs | E12: Pickups/Vans | F12: Minibus/Matatus(<=14seat | G12: Small bus(14-33seat) | H12: Large bus(>33seat) | I12: Light Trucks(2axles) | J12: Medium Trucks(2axle,Double rear wheel) | K12: Heavy Trucks(3, 4 axles) | L12: Artics/draw-bar trucks | M12: Others (e.g tractors) | N12: TOTALS
A13: 4:00-4:15
A14: Mombasa Bound Lane 1 | B14: 31 | C14: 29 | D14: 16 | E14: 4 | F14: 7 | G14: 1 | H14: 0 | I14: 0 | J14: 3 | K14: 0 | L14: 0 | M14: 0 | N14: =SUM(B14:M14)
A15: Mombasa Bound Lane 2 | B15: 15 | C15: 25 | D15: 17 | E15: 8 | F15: 8 | G15: 2 | H15: 0 | I15: 0 | J15: 13 | K15: 11 | L15: 32 | M15: 0 | N15: =SUM(B15:M15)
A16: Mombasa Bound Lane 3 | B16: 3 | C16: 46 | D16: 32 | E16: 13 | F16: 8 | G16: 1 | H16: 0 | I16: 1 | J16: 18 | K16: 5 | L16: 26 | M16: 0 | N16: =SUM(B16:M16)
A17: VEHICLES | B17: =SUM(B14:B16) | C17: =SUM(C14:C16) | D17: =SUM(D14:D16) | E17: =SUM(E14:E16) | F17: =SUM(F14:F16) | G17: =SUM(G14:G16) | H17: =SUM(H14:H16) | I17: =SUM(I14:I16) | ... M17: =SUM(M14:M16) | N17: =SUM(B17:M17)
A18: Conversion Factor | B18: 0.5 | C18: 1 | D18: 1 | E18: 1.75 | F18: 1.75 | G18: 2 | H18: 2.5 | I18: 1.25 | J18: 1.5 | K18: 2.75 | L18: 3 | M18: 2
A19: PCUs, Passenger Car Units | B19: =B17*B18 | C19: =C17*C18 | D19: =D17*D18 | E19: =E17*E18 | F19: =F17*F18 | G19: =G17*G18 | H19: =H17*H18 | I19: =I17*I18 | ... M19: =M17*M18 | N19: =SUM(B19:M19)
A23: TIME | B23: Motorcycle/Tuktuk | C23: Cars(<=5seats) | D23: Large Cars,4WD,SUVs | E23: Pickups/Vans | F23: Minibus/Matatus(<=14seat | G23: Small bus(14-33seat) | H23: Large bus(>33seat) | I23: Light Trucks(2axles) | J23: Medium Trucks(2axle,Double rear wheel) | K23: Heavy Trucks(3, 4 axles) | L23: Artics/draw-bar trucks | M23: Others (e.g tractors) | N23: TOTALS
A24: 4:15-4:30
A25: Mombasa Bound Lane 1 | B25: 37 | C25: 25 | D25: 9 | E25: 3 | F25: 6 | G25: 1 | H25: 0 | I25: 0 | J25: 4 | K25: 0 | L25: 0 | M25: 0 | N25: =SUM(B25:M25)
A26: Mombasa Bound Lane 2 | B26: 11 | C26: 38 | D26: 26 | E26: 5 | F26: 10 | G26: 3 | H26: 0 | I26: 0 | J26: 13 | K26: 14 | L26: 40 | M26: 0 | N26: =SUM(B26:M26)
A27: Mombasa Bound Lane 3 | B27: 2 | C27: 40 | D27: 29 | E27: 8 | F27: 7 | G27: 0 | H27: 0 | I27: 1 | J27: 13 | K27: 5 | L27: 24 | M27: 0 | N27: =SUM(B27:M27)
A28: VEHICLES | B28: =SUM(B25:B27) | C28: =SUM(C25:C27) | D28: =SUM(D25:D27) | E28: =SUM(E25:E27) | F28: =SUM(F25:F27) | G28: =SUM(G25:G27) | H28: =SUM(H25:H27) | I28: =SUM(I25:I27) | ... M28: =SUM(M25:M27) | N28: =SUM(B28:M28)
A29: Conversion Factor | B29: 0.5 | C29: 1 | D29: 1 | E29: 1.75 | F29: 1.75 | G29: 2 | H29: 2.5 | I29: 1.25 | J29: 1.5 | K29: 2.75 | L29: 3 | M29: 2
A30: PCUs, Passenger Car Units | B30: =B28*B29 | C30: =C28*C29 | D30: =D28*D29 | E30: =E28*E29 | F30: =F28*F29 | G30: =G28*G29 | H30: =H28*H29 | I30: =I28*I29 | ... M30: =M28*M29 | N30: =SUM(B30:M30)
A34: TIME | B34: Motorcycle/Tuktuk | C34: Cars(<=5seats) | D34: Large Cars,4WD,SUVs | E34: Pickups/Vans | F34: Minibus/Matatus(<=14seat | G34: Small bus(14-33seat) | H34: Large bus(>33seat) | I34: Light Trucks(2axles) | J34: Medium Trucks(2axle,Double rear wheel) | K34: Heavy Trucks(3, 4 axles) | L34: Artics/draw-bar trucks | M34: Others (e.g tractors) | N34: TOTALS
A35: 4:30-4:45
A36: Mombasa Bound Lane 1 | B36: 27 | C36: 20 | D36: 10 | E36: 3 | F36: 8 | G36: 1 | H36: 0 | I36: 0 | J36: 4 | K36: 0 | L36: 1 | M36: 0 | N36: =SUM(B36:M36)
A37: Mombasa Bound Lane 2 | B37: 10 | C37: 37 | D37: 24 | E37: 9 | F37: 7 | G37: 3 | H37: 0 | I37: 0 | J37: 14 | K37: 9 | L37: 31 | M37: 0 | N37: =SUM(B37:M37)
A38: Mombasa Bound Lane 3 | B38: 4 | C38: 34 | D38: 37 | E38: 13 | F38: 8 | G38: 1 | H38: 0 | I38: 1 | J38: 19 | K38: 4 | L38: 15 | M38: 0 | N38: =SUM(B38:M38)
A39: VEHICLES | B39: =SUM(B36:B38) | C39: =SUM(C36:C38) | D39: =SUM(D36:D38) | E39: =SUM(E36:E38) | F39: =SUM(F36:F38) | G39: =SUM(G36:G38) | H39: =SUM(H36:H38) | I39: =SUM(I36:I38) | ... M39: =SUM(M36:M38) | N39: =SUM(B39:M39)
A40: Conversion Factor | B40: 0.5 | C40: 1 | D40: 1 | E40: 1.75 | F40: 1.75 | G40: 2 | H40: 2.5 | I40: 1.25 | J40: 1.5 | K40: 2.75 | L40: 3 | M40: 2
A41: PCUs, Passenger Car Units | B41: =B39*B40 | C41: =C39*C40 | D41: =D39*D40 | E41: =E39*E40 | F41: =F39*F40 | G41: =G39*G40 | H41: =H39*H40 | I41: =I39*I40 | ... M41: =M39*M40 | N41: =SUM(B41:M41)
A45: TIME | B45: Motorcycle/Tuktuk | C45: Cars(<=5seats) | D45: Large Cars,4WD,SUVs | E45: Pickups/Vans | F45: Minibus/Matatus(<=14seat | G45: Small bus(14-33seat) | H45: Large bus(>33seat) | I45: Light Trucks(2axles) | J45: Medium Trucks(2axle,Double rear wheel) | K45: Heavy Trucks(3, 4 axles) | L45: Artics/draw-bar trucks | M45: Others (e.g tractors) | N45: TOTALS
A46: 4:45-5:00
A47: Mombasa Bound Lane 1 | B47: 46 | C47: 25 | D47: 17 | E47: 6 | F47: 7 | G47: 1 | H47: 1 | I47: 1 | J47: 5 | K47: 3 | L47: 3 | M47: 0 | N47: =SUM(B47:M47)
A48: Mombasa Bound Lane 2 | B48: 14 | C48: 22 | D48: 22 | E48: 10 | F48: 6 | G48: 5 | H48: 4 | I48: 2 | J48: 26 | K48: 12 | L48: 32 | M48: 0 | N48: =SUM(B48:M48)
A49: Mombasa Bound Lane 3 | B49: 4 | C49: 45 | D49: 29 | E49: 9 | F49: 15 | G49: 2 | H49: 2 | I49: 1 | J49: 18 | K49: 5 | L49: 21 | M49: 0 | N49: =SUM(B49:M49)
A50: VEHICLES | B50: =SUM(B47:B49) | C50: =SUM(C47:C49) | D50: =SUM(D47:D49) | E50: =SUM(E47:E49) | F50: =SUM(F47:F49) | G50: =SUM(G47:G49) | H50: =SUM(H47:H49) | I50: =SUM(I47:I49) | ... M50: =SUM(M47:M49) | N50: =SUM(B50:M50)
A51: Conversion Factor | B51: 0.5 | C51: 1 | D51: 1 | E51: 1.75 | F51: 1.75 | G51: 2 | H51: 2.5 | I51: 1.25 | J51: 1.5 | K51: 2.75 | L51: 3 | M51: 2
A52: PCUs, Passenger Car Units | B52: =B50*B51 | C52: =C50*C51 | D52: =D50*D51 | E52: =E50*E51 | F52: =F50*F51 | G52: =G50*G51 | H52: =H50*H51 | I52: =I50*I51 | ... M52: =M50*M51 | N52: =SUM(B52:M52)
A56: HOURLY (1HR) SUMMARY
B58: Motorcycle/Tuktuk | C58: Cars(<=5seats) | D58: Large Cars,4WD,SUVs | E58: Pickups/Vans | F58: Minibus/Matatus(<=14seat | G58: Small bus(14-33seat) | H58: Large bus(>33seat) | I58: Light Trucks(2axles) | J58: Medium Trucks(2axle,Double rear wheel) | K58: Heavy Trucks(3, 4 axles) | L58: Artics/draw-bar trucks | M58: Others (e.g tractors) | N58: TOTALS
A59: 4 PM to 5 PM
A60: Mombasa Bound Lane 1 | B60: =(B14+B25+B36+B47) | C60: =(C14+C25+C36+C47) | D60: =(D14+D25+D36+D47) | E60: =(E14+E25+E36+E47) | F60: =(F14+F25+F36+F47) | G60: =(G14+G25+G36+G47) | H60: =(H14+H25+H36+H47) | I60: =(I14+I25+I36+I47) | ... M60: =(M14+M25+M36+M47) | N60: =SUM(B60:M60)
A61: Mombasa Bound Lane 2 | B61: =(B15+B26+B37+B48) | C61: =(C15+C26+C37+C48) | D61: =(D15+D26+D37+D48) | E61: =(E15+E26+E37+E48) | F61: =(F15+F26+F37+F48) | G61: =(G15+G26+G37+G48) | H61: =(H15+H26+H37+H48) | I61: =(I15+I26+I37+I48) | ... M61: =(M15+M26+M37+M48) | N61: =SUM(B61:M61)
A62: Mombasa Bound Lane 3 | B62: =(B16+B27+B38+B49) | C62: =(C16+C27+C38+C49) | D62: =(D16+D27+D38+D49) | E62: =(E16+E27+E38+E49) | F62: =(F16+F27+F38+F49) | G62: =(G16+G27+G38+G49) | H62: =(H16+H27+H38+H49) | I62: =(I16+I27+I38+I49) | ... M62: =(M16+M27+M38+M49) | N62: =SUM(B62:M62)
A63: VEHICLES | B63: =SUM(B60:B62) | C63: =SUM(C60:C62) | D63: =SUM(D60:D62) | E63: =SUM(E60:E62) | F63: =SUM(F60:F62) | G63: =SUM(G60:G62) | H63: =SUM(H60:H62) | I63: =SUM(I60:I62) | ... M63: =SUM(M60:M62) | N63: =SUM(B63:M63)
A64: Conversion Factor | B64: 0.5 | C64: 1 | D64: 1 | E64: 1.75 | F64: 1.75 | G64: 2 | H64: 2.5 | I64: 1.25 | J64: 1.5 | K64: 2.75 | L64: 3 | M64: 2
A65: PCUs, Passenger Car Units | B65: =B63*B64 | C65: =C63*C64 | D65: =D63*D64 | E65: =E63*E64 | F65: =F63*F64 | G65: =G63*G64 | H65: =H63*H64 | I65: =I63*I64 | ... M65: =M63*M64 | N65: =SUM(B65:M65)

Sheet 5-6PM 
A1: 5:00 PM - 6:00 PM
A3: ='7-8AM'!A3:N3
A5: ='7-8AM'!A5:N5
A6: ='7-8AM'!A6:N6
A7: ='7-8AM'!A7:N7
A9: TRAFFIC VOLUME COUNTS DATA (RAW DATA)
A10: 15 MINUTES VOLUMES
A12: TIME | B12: Motorcycle/Tuktuk | C12: Cars(<=5seats) | D12: Large Cars,4WD,SUVs | E12: Pickups/Vans | F12: Minibus/Matatus(<=14seat | G12: Small bus(14-33seat) | H12: Large bus(>33seat) | I12: Light Trucks(2axles) | J12: Medium Trucks(2axle,Double rear wheel) | K12: Heavy Trucks(3, 4 axles) | L12: Artics/draw-bar trucks | M12: Others (e.g tractors) | N12: TOTALS
A13: 5:00-5:15
A14: Mombasa Bound Lane 1 | B14: 15 | C14: 25 | D14: 10 | E14: 4 | F14: 1 | G14: 0 | H14: 0 | I14: 0 | J14: 3 | K14: 1 | L14: 0 | M14: 0 | N14: =SUM(B14:M14)
A15: Mombasa Bound Lane 2 | B15: 9 | C15: 9 | D15: 18 | E15: 3 | F15: 2 | G15: 0 | H15: 0 | I15: 0 | J15: 1 | K15: 7 | L15: 25 | M15: 0 | N15: =SUM(B15:M15)
A16: Mombasa Bound Lane 3 | B16: 2 | C16: 23 | D16: 10 | E16: 7 | F16: 3 | G16: 1 | H16: 2 | I16: 2 | J16: 6 | K16: 4 | L16: 16 | M16: 0 | N16: =SUM(B16:M16)
A17: VEHICLES | B17: =SUM(B14:B16) | C17: =SUM(C14:C16) | D17: =SUM(D14:D16) | E17: =SUM(E14:E16) | F17: =SUM(F14:F16) | G17: =SUM(G14:G16) | H17: =SUM(H14:H16) | I17: =SUM(I14:I16) | ... M17: =SUM(M14:M16) | N17: =SUM(B17:M17)
A18: Conversion Factor | B18: 0.5 | C18: 1 | D18: 1 | E18: 1.75 | F18: 1.75 | G18: 2 | H18: 2.5 | I18: 1.25 | J18: 1.5 | K18: 2.75 | L18: 3 | M18: 2
A19: PCUs, Passenger Car Units | B19: =B17*B18 | C19: =C17*C18 | D19: =D17*D18 | E19: =E17*E18 | F19: =F17*F18 | G19: =G17*G18 | H19: =H17*H18 | I19: =I17*I18 | ... M19: =M17*M18 | N19: =SUM(B19:M19)
A23: TIME | B23: Motorcycle/Tuktuk | C23: Cars(<=5seats) | D23: Large Cars,4WD,SUVs | E23: Pickups/Vans | F23: Minibus/Matatus(<=14seat | G23: Small bus(14-33seat) | H23: Large bus(>33seat) | I23: Light Trucks(2axles) | J23: Medium Trucks(2axle,Double rear wheel) | K23: Heavy Trucks(3, 4 axles) | L23: Artics/draw-bar trucks | M23: Others (e.g tractors) | N23: TOTALS
A24: 5:15-5:30
A25: Mombasa Bound Lane 1 | B25: 29 | C25: 22 | D25: 14 | E25: 4 | F25: 4 | G25: 0 | H25: 0 | I25: 1 | J25: 4 | K25: 1 | L25: 0 | M25: 0 | N25: =SUM(B25:M25)
A26: Mombasa Bound Lane 2 | B26: 10 | C26: 38 | D26: 16 | E26: 11 | F26: 6 | G26: 2 | H26: 1 | I26: 0 | J26: 16 | K26: 6 | L26: 16 | M26: 0 | N26: =SUM(B26:M26)
A27: Mombasa Bound Lane 3 | B27: 0 | C27: 21 | D27: 10 | E27: 1 | F27: 2 | G27: 0 | H27: 0 | I27: 0 | J27: 3 | K27: 3 | L27: 9 | M27: 0 | N27: =SUM(B27:M27)
A28: VEHICLES | B28: =SUM(B25:B27) | C28: =SUM(C25:C27) | D28: =SUM(D25:D27) | E28: =SUM(E25:E27) | F28: =SUM(F25:F27) | G28: =SUM(G25:G27) | H28: =SUM(H25:H27) | I28: =SUM(I25:I27) | ... M28: =SUM(M25:M27) | N28: =SUM(B28:M28)
A29: Conversion Factor | B29: 0.5 | C29: 1 | D29: 1 | E29: 1.75 | F29: 1.75 | G29: 2 | H29: 2.5 | I29: 1.25 | J29: 1.5 | K29: 2.75 | L29: 3 | M29: 2
A30: PCUs, Passenger Car Units | B30: =B28*B29 | C30: =C28*C29 | D30: =D28*D29 | E30: =E28*E29 | F30: =F28*F29 | G30: =G28*G29 | H30: =H28*H29 | I30: =I28*I29 | ... M30: =M28*M29 | N30: =SUM(B30:M30)
A34: TIME | B34: Motorcycle/Tuktuk | C34: Cars(<=5seats) | D34: Large Cars,4WD,SUVs | E34: Pickups/Vans | F34: Minibus/Matatus(<=14seat | G34: Small bus(14-33seat) | H34: Large bus(>33seat) | I34: Light Trucks(2axles) | J34: Medium Trucks(2axle,Double rear wheel) | K34: Heavy Trucks(3, 4 axles) | L34: Artics/draw-bar trucks | M34: Others (e.g tractors) | N34: TOTALS
A35: 5:30-5:45
A36: Mombasa Bound Lane 1 | B36: 25 | C36: 21 | D36: 8 | E36: 4 | F36: 7 | G36: 1 | H36: 1 | I36: 0 | J36: 0 | K36: 1 | L36: 2 | M36: 0 | N36: =SUM(B36:M36)
A37: Mombasa Bound Lane 2 | B37: 12 | C37: 14 | D37: 10 | E37: 9 | F37: 2 | G37: 5 | H37: 4 | I37: 0 | J37: 6 | K37: 2 | L37: 21 | M37: 0 | N37: =SUM(B37:M37)
A38: Mombasa Bound Lane 3 | B38: 2 | C38: 20 | D38: 17 | E38: 6 | F38: 5 | G38: 1 | H38: 0 | I38: 0 | J38: 5 | K38: 4 | L38: 10 | M38: 0 | N38: =SUM(B38:M38)
A39: VEHICLES | B39: =SUM(B36:B38) | C39: =SUM(C36:C38) | D39: =SUM(D36:D38) | E39: =SUM(E36:E38) | F39: =SUM(F36:F38) | G39: =SUM(G36:G38) | H39: =SUM(H36:H38) | I39: =SUM(I36:I38) | ... M39: =SUM(M36:M38) | N39: =SUM(B39:M39)
A40: Conversion Factor | B40: 0.5 | C40: 1 | D40: 1 | E40: 1.75 | F40: 1.75 | G40: 2 | H40: 2.5 | I40: 1.25 | J40: 1.5 | K40: 2.75 | L40: 3 | M40: 2
A41: PCUs, Passenger Car Units | B41: =B39*B40 | C41: =C39*C40 | D41: =D39*D40 | E41: =E39*E40 | F41: =F39*F40 | G41: =G39*G40 | H41: =H39*H40 | I41: =I39*I40 | ... M41: =M39*M40 | N41: =SUM(B41:M41)
A45: TIME | B45: Motorcycle/Tuktuk | C45: Cars(<=5seats) | D45: Large Cars,4WD,SUVs | E45: Pickups/Vans | F45: Minibus/Matatus(<=14seat | G45: Small bus(14-33seat) | H45: Large bus(>33seat) | I45: Light Trucks(2axles) | J45: Medium Trucks(2axle,Double rear wheel) | K45: Heavy Trucks(3, 4 axles) | L45: Artics/draw-bar trucks | M45: Others (e.g tractors) | N45: TOTALS
A46: 5:45-6:00
A47: Mombasa Bound Lane 1 | B47: 25 | C47: 26 | D47: 16 | E47: 6 | F47: 7 | G47: 0 | H47: 1 | I47: 2 | J47: 1 | K47: 2 | L47: 0 | M47: 0 | N47: =SUM(B47:M47)
A48: Mombasa Bound Lane 2 | B48: 6 | C48: 16 | D48: 4 | E48: 6 | F48: 6 | G48: 1 | H48: 1 | I48: 0 | J48: 5 | K48: 1 | L48: 19 | M48: 0 | N48: =SUM(B48:M48)
A49: Mombasa Bound Lane 3 | B49: 1 | C49: 15 | D49: 8 | E49: 6 | F49: 1 | G49: 0 | H49: 0 | I49: 0 | J49: 5 | K49: 0 | L49: 7 | M49: 0 | N49: =SUM(B49:M49)
A50: VEHICLES | B50: =SUM(B47:B49) | C50: =SUM(C47:C49) | D50: =SUM(D47:D49) | E50: =SUM(E47:E49) | F50: =SUM(F47:F49) | G50: =SUM(G47:G49) | H50: =SUM(H47:H49) | I50: =SUM(I47:I49) | ... M50: =SUM(M47:M49) | N50: =SUM(B50:M50)
A51: Conversion Factor | B51: 0.5 | C51: 1 | D51: 1 | E51: 1.75 | F51: 1.75 | G51: 2 | H51: 2.5 | I51: 1.25 | J51: 1.5 | K51: 2.75 | L51: 3 | M51: 2
A52: PCUs, Passenger Car Units | B52: =B50*B51 | C52: =C50*C51 | D52: =D50*D51 | E52: =E50*E51 | F52: =F50*F51 | G52: =G50*G51 | H52: =H50*H51 | I52: =I50*I51 | ... M52: =M50*M51 | N52: =SUM(B52:M52)
A56: HOURLY (1HR) SUMMARY
B58: Motorcycle/Tuktuk | C58: Cars(<=5seats) | D58: Large Cars,4WD,SUVs | E58: Pickups/Vans | F58: Minibus/Matatus(<=14seat | G58: Small bus(14-33seat) | H58: Large bus(>33seat) | I58: Light Trucks(2axles) | J58: Medium Trucks(2axle,Double rear wheel) | K58: Heavy Trucks(3, 4 axles) | L58: Artics/draw-bar trucks | M58: Others (e.g tractors) | N58: TOTALS
A59: 5 PM to 6 PM
A60: Mombasa Bound Lane 1 | B60: =(B14+B25+B36+B47) | C60: =(C14+C25+C36+C47) | D60: =(D14+D25+D36+D47) | E60: =(E14+E25+E36+E47) | F60: =(F14+F25+F36+F47) | G60: =(G14+G25+G36+G47) | H60: =(H14+H25+H36+H47) | I60: =(I14+I25+I36+I47) | ... M60: =(M14+M25+M36+M47) | N60: =SUM(B60:M60)
A61: Mombasa Bound Lane 2 | B61: =(B15+B26+B37+B48) | C61: =(C15+C26+C37+C48) | D61: =(D15+D26+D37+D48) | E61: =(E15+E26+E37+E48) | F61: =(F15+F26+F37+F48) | G61: =(G15+G26+G37+G48) | H61: =(H15+H26+H37+H48) | I61: =(I15+I26+I37+I48) | ... M61: =(M15+M26+M37+M48) | N61: =SUM(B61:M61)
A62: Mombasa Bound Lane 3 | B62: =(B16+B27+B38+B49) | C62: =(C16+C27+C38+C49) | D62: =(D16+D27+D38+D49) | E62: =(E16+E27+E38+E49) | F62: =(F16+F27+F38+F49) | G62: =(G16+G27+G38+G49) | H62: =(H16+H27+H38+H49) | I62: =(I16+I27+I38+I49) | ... M62: =(M16+M27+M38+M49) | N62: =SUM(B62:M62)
A63: VEHICLES | B63: =SUM(B60:B62) | C63: =SUM(C60:C62) | D63: =SUM(D60:D62) | E63: =SUM(E60:E62) | F63: =SUM(F60:F62) | G63: =SUM(G60:G62) | H63: =SUM(H60:H62) | I63: =SUM(I60:I62) | ... M63: =SUM(M60:M62) | N63: =SUM(B63:M63)
A64: Conversion Factor | B64: 0.5 | C64: 1 | D64: 1 | E64: 1.75 | F64: 1.75 | G64: 2 | H64: 2.5 | I64: 1.25 | J64: 1.5 | K64: 2.75 | L64: 3 | M64: 2
A65: PCUs, Passenger Car Units | B65: =B63*B64 | C65: =C63*C64 | D65: =D63*D64 | E65: =E63*E64 | F65: =F63*F64 | G65: =G63*G64 | H65: =H63*H64 | I65: =I63*I64 | ... M65: =M63*M64 | N65: =SUM(B65:M65)
N67: =ROUND(N65/(MAX(N19,N30,N41,N52)*4),2)

Sheet 6-7PM
A1: 06:00 PM - 07:00 PM
A3: ='7-8AM'!A3:N3
A5: ='7-8AM'!A5:N5
A6: ='7-8AM'!A6:N6
A7: ='7-8AM'!A7:N7
A9: TRAFFIC VOLUME COUNTS DATA (RAW DATA)
A10: 15 MINUTES VOLUMES
A12: TIME | B12: Motorcycle/Tuktuk | C12: Cars(<=5seats) | D12: Large Cars,4WD,SUVs | E12: Pickups/Vans | F12: Minibus/Matatus(<=14seat | G12: Small bus(14-33seat) | H12: Large bus(>33seat) | I12: Light Trucks(2axles) | J12: Medium Trucks(2axle,Double rear wheel) | K12: Heavy Trucks(3, 4 axles) | L12: Artics/draw-bar trucks | M12: Others (e.g tractors) | N12: TOTALS
A13: 6:00-6:15
A14: Mombasa Bound Lane 1 | B14: 34 | C14: 17 | D14: 10 | E14: 3 | F14: 6 | G14: 0 | H14: 0 | I14: 0 | J14: 4 | K14: 0 | L14: 1 | M14: 0 | N14: =SUM(B14:M14)
A15: Mombasa Bound Lane 2 | B15: 12 | C15: 24 | D15: 19 | E15: 4 | F15: 5 | G15: 2 | H15: 0 | I15: 0 | J15: 12 | K15: 9 | L15: 21 | M15: 0 | N15: =SUM(B15:M15)
A16: Mombasa Bound Lane 3 | B16: 3 | C16: 40 | D16: 29 | E16: 9 | F16: 6 | G16: 0 | H16: 0 | I16: 0 | J16: 12 | K16: 3 | L16: 22 | M16: 0 | N16: =SUM(B16:M16)
A17: VEHICLES | B17: =SUM(B14:B16) | C17: =SUM(C14:C16) | D17: =SUM(D14:D16) | E17: =SUM(E14:E16) | F17: =SUM(F14:F16) | G17: =SUM(G14:G16) | H17: =SUM(H14:H16) | I17: =SUM(I14:I16) | ... M17: =SUM(M14:M16) | N17: =SUM(B17:M17)
A18: Conversion Factor | B18: 0.5 | C18: 1 | D18: 1 | E18: 1.75 | F18: 1.75 | G18: 2 | H18: 2.5 | I18: 1.25 | J18: 1.5 | K18: 2.75 | L18: 3 | M18: 2
A19: PCUs, Passenger Car Units | B19: =B17*B18 | C19: =C17*C18 | D19: =D17*D18 | E19: =E17*E18 | F19: =F17*F18 | G19: =G17*G18 | H19: =H17*H18 | I19: =I17*I18 | ... M19: =M17*M18 | N19: =SUM(B19:M19)
A23: TIME | B23: Motorcycle/Tuktuk | C23: Cars(<=5seats) | D23: Large Cars,4WD,SUVs | E23: Pickups/Vans | F23: Minibus/Matatus(<=14seat | G23: Small bus(14-33seat) | H23: Large bus(>33seat) | I23: Light Trucks(2axles) | J23: Medium Trucks(2axle,Double rear wheel) | K23: Heavy Trucks(3, 4 axles) | L23: Artics/draw-bar trucks | M23: Others (e.g tractors) | N23: TOTALS
A24: 6:15-6:30
A25: Mombasa Bound Lane 1 | B25: 24 | C25: 17 | D25: 13 | E25: 4 | F25: 4 | G25: 0 | H25: 0 | I25: 0 | J25: 2 | K25: 0 | L25: 1 | M25: 0 | N25: =SUM(B25:M25)
A26: Mombasa Bound Lane 2 | B26: 12 | C26: 31 | D26: 20 | E26: 5 | F26: 5 | G26: 2 | H26: 0 | I26: 0 | J26: 17 | K26: 7 | L26: 20 | M26: 0 | N26: =SUM(B26:M26)
A27: Mombasa Bound Lane 3 | B27: 2 | C27: 25 | D27: 25 | E27: 9 | F27: 6 | G27: 0 | H27: 0 | I27: 0 | J27: 16 | K27: 4 | L27: 17 | M27: 0 | N27: =SUM(B27:M27)
A28: VEHICLES | B28: =SUM(B25:B27) | C28: =SUM(C25:C27) | D28: =SUM(D25:D27) | E28: =SUM(E25:E27) | F28: =SUM(F25:F27) | G28: =SUM(G25:G27) | H28: =SUM(H25:H27) | I28: =SUM(I25:I27) | ... M28: =SUM(M25:M27) | N28: =SUM(B28:M28)
A29: Conversion Factor | B29: 0.5 | C29: 1 | D29: 1 | E29: 1.75 | F29: 1.75 | G29: 2 | H29: 2.5 | I29: 1.25 | J29: 1.5 | K29: 2.75 | L29: 3 | M29: 2
A30: PCUs, Passenger Car Units | B30: =B28*B29 | C30: =C28*C29 | D30: =D28*D29 | E30: =E28*E29 | F30: =F28*F29 | G30: =G28*G29 | H30: =H28*H29 | I30: =I28*I29 | ... M30: =M28*M29 | N30: =SUM(B30:M30)
A34: TIME | B34: Motorcycle/Tuktuk | C34: Cars(<=5seats) | D34: Large Cars,4WD,SUVs | E34: Pickups/Vans | F34: Minibus/Matatus(<=14seat | G34: Small bus(14-33seat) | H34: Large bus(>33seat) | I34: Light Trucks(2axles) | J34: Medium Trucks(2axle,Double rear wheel) | K34: Heavy Trucks(3, 4 axles) | L34: Artics/draw-bar trucks | M34: Others (e.g tractors) | N34: TOTALS
A35: 6:30-6:45
A36: Mombasa Bound Lane 1 | B36: 40 | C36: 28 | D36: 12 | E36: 4 | F36: 5 | G36: 0 | H36: 0 | I36: 0 | J36: 4 | K36: 0 | L36: 1 | M36: 0 | N36: =SUM(B36:M36)
A37: Mombasa Bound Lane 2 | B37: 11 | C37: 27 | D37: 15 | E37: 5 | F37: 5 | G37: 1 | H37: 0 | I37: 0 | J37: 15 | K37: 6 | L37: 30 | M37: 0 | N37: =SUM(B37:M37)
A38: Mombasa Bound Lane 3 | B38: 3 | C38: 37 | D38: 23 | E38: 13 | F38: 6 | G38: 0 | H38: 0 | I38: 0 | J38: 10 | K38: 3 | L38: 22 | M38: 0 | N38: =SUM(B38:M38)
A39: VEHICLES | B39: =SUM(B36:B38) | C39: =SUM(C36:C38) | D39: =SUM(D36:D38) | E39: =SUM(E36:E38) | F39: =SUM(F36:F38) | G39: =SUM(G36:G38) | H39: =SUM(H36:H38) | I39: =SUM(I36:I38) | ... M39: =SUM(M36:M38) | N39: =SUM(B39:M39)
A40: Conversion Factor | B40: 0.5 | C40: 1 | D40: 1 | E40: 1.75 | F40: 1.75 | G40: 2 | H40: 2.5 | I40: 1.25 | J40: 1.5 | K40: 2.75 | L40: 3 | M40: 2
A41: PCUs, Passenger Car Units | B41: =B39*B40 | C41: =C39*C40 | D41: =D39*D40 | E41: =E39*E40 | F41: =F39*F40 | G41: =G39*G40 | H41: =H39*H40 | I41: =I39*I40 | ... M41: =M39*M40 | N41: =SUM(B41:M41)
A45: TIME | B45: Motorcycle/Tuktuk | C45: Cars(<=5seats) | D45: Large Cars,4WD,SUVs | E45: Pickups/Vans | F45: Minibus/Matatus(<=14seat | G45: Small bus(14-33seat) | H45: Large bus(>33seat) | I45: Light Trucks(2axles) | J45: Medium Trucks(2axle,Double rear wheel) | K45: Heavy Trucks(3, 4 axles) | L45: Artics/draw-bar trucks | M45: Others (e.g tractors) | N45: TOTALS
A46: 6:45-7:00
A47: Mombasa Bound Lane 1 | B47: 30 | C47: 35 | D47: 10 | E47: 3 | F47: 7 | G47: 3 | H47: 1 | I47: 1 | J47: 5 | K47: 3 | L47: 2 | M47: 0 | N47: =SUM(B47:M47)
A48: Mombasa Bound Lane 2 | B48: 12 | C48: 17 | D48: 15 | E48: 9 | F48: 9 | G48: 5 | H48: 3 | I48: 2 | J48: 20 | K48: 16 | L48: 42 | M48: 0 | N48: =SUM(B48:M48)
A49: Mombasa Bound Lane 3 | B49: 2 | C49: 39 | D49: 46 | E49: 15 | F49: 11 | G49: 3 | H49: 1 | I49: 3 | J49: 13 | K49: 6 | L49: 12 | M49: 0 | N49: =SUM(B49:M49)
A50: VEHICLES | B50: =SUM(B47:B49) | C50: =SUM(C47:C49) | D50: =SUM(D47:D49) | E50: =SUM(E47:E49) | F50: =SUM(F47:F49) | G50: =SUM(G47:G49) | H50: =SUM(H47:H49) | I50: =SUM(I47:I49) | ... M50: =SUM(M47:M49) | N50: =SUM(B50:M50)
A51: Conversion Factor | B51: 0.5 | C51: 1 | D51: 1 | E51: 1.75 | F51: 1.75 | G51: 2 | H51: 2.5 | I51: 1.25 | J51: 1.5 | K51: 2.75 | L51: 3 | M51: 2
A52: PCUs, Passenger Car Units | B52: =B50*B51 | C52: =C50*C51 | D52: =D50*D51 | E52: =E50*E51 | F52: =F50*F51 | G52: =G50*G51 | H52: =H50*H51 | I52: =I50*I51 | ... M52: =M50*M51 | N52: =SUM(B52:M52)
A56: HOURLY (1HR) SUMMARY
B58: Motorcycle/Tuktuk | C58: Cars(<=5seats) | D58: Large Cars,4WD,SUVs | E58: Pickups/Vans | F58: Minibus/Matatus(<=14seat | G58: Small bus(14-33seat) | H58: Large bus(>33seat) | I58: Light Trucks(2axles) | J58: Medium Trucks(2axle,Double rear wheel) | K58: Heavy Trucks(3, 4 axles) | L58: Artics/draw-bar trucks | M58: Others (e.g tractors) | N58: TOTALS
A59: 6 PM to 7 PM
A60: Mombasa Bound Lane 1 | B60: =(B14+B25+B36+B47) | C60: =(C14+C25+C36+C47) | D60: =(D14+D25+D36+D47) | E60: =(E14+E25+E36+E47) | F60: =(F14+F25+F36+F47) | G60: =(G14+G25+G36+G47) | H60: =(H14+H25+H36+H47) | I60: =(I14+I25+I36+I47) | ... M60: =(M14+M25+M36+M47) | N60: =SUM(B60:M60)
A61: Mombasa Bound Lane 2 | B61: =(B15+B26+B37+B48) | C61: =(C15+C26+C37+C48) | D61: =(D15+D26+D37+D48) | E61: =(E15+E26+E37+E48) | F61: =(F15+F26+F37+F48) | G61: =(G15+G26+G37+G48) | H61: =(H15+H26+H37+H48) | I61: =(I15+I26+I37+I48) | ... M61: =(M15+M26+M37+M48) | N61: =SUM(B61:M61)
A62: Mombasa Bound Lane 3 | B62: =(B16+B27+B38+B49) | C62: =(C16+C27+C38+C49) | D62: =(D16+D27+D38+D49) | E62: =(E16+E27+E38+E49) | F62: =(F16+F27+F38+F49) | G62: =(G16+G27+G38+G49) | H62: =(H16+H27+H38+H49) | I62: =(I16+I27+I38+I49) | ... M62: =(M16+M27+M38+M49) | N62: =SUM(B62:M62)
A63: VEHICLES | B63: =SUM(B60:B62) | C63: =SUM(C60:C62) | D63: =SUM(D60:D62) | E63: =SUM(E60:E62) | F63: =SUM(F60:F62) | G63: =SUM(G60:G62) | H63: =SUM(H60:H62) | I63: =SUM(I60:I62) | ... M63: =SUM(M60:M62) | N63: =SUM(B63:M63)
A64: Conversion Factor | B64: 0.5 | C64: 1 | D64: 1 | E64: 1.75 | F64: 1.75 | G64: 2 | H64: 2.5 | I64: 1.25 | J64: 1.5 | K64: 2.75 | L64: 3 | M64: 2
A65: PCUs, Passenger Car Units | B65: =B63*B64 | C65: =C63*C64 | D65: =D63*D64 | E65: =E63*E64 | F65: =F63*F64 | G65: =G63*G64 | H65: =H63*H64 | I65: =I63*I64 | ... M65: =M63*M64 | N65: =SUM(B65:M65)
N67: =ROUND(N65/(MAX(N19,N30,N41,N52)*4),2)

Sheet DAY
A1: DAILY TOTALS (12 hour Traffic Volume Counts)
A3: ='7-8AM'!A3:N3
A5: ='7-8AM'!A5:N5
A6: ='7-8AM'!A6:N6
A7: ='7-8AM'!A7:N7
A9: TRAFFIC VOLUME COUNTS DATA (RAW DATA)
A10: HOURS VOLUMES VS DAILY VOLUMES
A12: HOURLY PER DAY
A14: TIME | B14: Motorcycle/Tuktuk | C14: Cars(<=5seats) | D14: Large Cars,4WD,SUVs | E14: Pickups/Vans | F14: Minibus/Matatus(<=14seat | G14: Small bus(14-33seat) | H14: Large bus(>33seat) | I14: Light Trucks(2axles) | J14: Medium Trucks(2axle,Double rear wheel) | K14: Heavy Trucks(3, 4 axles) | L14: Artics/draw-bar trucks | M14: Others (e.g tractors) | N14: TOTALS
A15: 7:00AM-8:00AM
A16: Mombasa Bound Lane 1 | B16: ='7-8AM'!B60 | C16: ='7-8AM'!C60 | D16: ='7-8AM'!D60 | E16: ='7-8AM'!E60 | F16: ='7-8AM'!F60 | G16: ='7-8AM'!G60 | H16: ='7-8AM'!H60 | I16: ='7-8AM'!I60 | ... N16: ='7-8AM'!N60
A17: Mombasa Bound Lane 2 | B17: ='7-8AM'!B61 | C17: ='7-8AM'!C61 | D17: ='7-8AM'!D61 | E17: ='7-8AM'!E61 | F17: ='7-8AM'!F61 | G17: ='7-8AM'!G61 | H17: ='7-8AM'!H61 | I17: ='7-8AM'!I61 | ... N17: ='7-8AM'!N61
A18: Mombasa Bound Lane 3 | B18: ='7-8AM'!B62 | C18: ='7-8AM'!C62 | D18: ='7-8AM'!D62 | E18: ='7-8AM'!E62 | F18: ='7-8AM'!F62 | G18: ='7-8AM'!G62 | H18: ='7-8AM'!H62 | I18: ='7-8AM'!I62 | ... N18: ='7-8AM'!N62
A19: TOTAL | B19: =SUM(B16:B18) | C19: =SUM(C16:C18) | D19: =SUM(D16:D18) | E19: =SUM(E16:E18) | F19: =SUM(F16:F18) | G19: =SUM(G16:G18) | H19: =SUM(H16:H18) | I19: =SUM(I16:I18) | ... M19: =SUM(M16:M18) | N19: =SUM(B19:M19)
A22: 8:00AM-9:00AM
A24: Mombasa Bound Lane 1 | B24: ='8-9 AM'!B60 | C24: ='8-9 AM'!C60 | D24: ='8-9 AM'!D60 | E24: ='8-9 AM'!E60 | F24: ='8-9 AM'!F60 | G24: ='8-9 AM'!G60 | H24: ='8-9 AM'!H60 | I24: ='8-9 AM'!I60 | ... M24: ='8-9 AM'!M60 | N24: ='[1]8-9 AM'!N60
A25: Mombasa Bound Lane 2 | B25: ='8-9 AM'!B61 | C25: ='8-9 AM'!C61 | D25: ='8-9 AM'!D61 | E25: ='8-9 AM'!E61 | F25: ='8-9 AM'!F61 | G25: ='8-9 AM'!G61 | H25: ='8-9 AM'!H61 | I25: ='8-9 AM'!I61 | ... M25: ='8-9 AM'!M61 | N25: ='[1]8-9 AM'!N61
A26: Mombasa Bound Lane 3 | B26: ='8-9 AM'!B62 | C26: ='8-9 AM'!C62 | D26: ='8-9 AM'!D62 | E26: ='8-9 AM'!E62 | F26: ='8-9 AM'!F62 | G26: ='8-9 AM'!G62 | H26: ='8-9 AM'!H62 | I26: ='8-9 AM'!I62 | ... M26: ='8-9 AM'!M62 | N26: ='[1]8-9 AM'!N62
A27: TOTAL | B27: =SUM(B24:B26) | C27: =SUM(C24:C26) | D27: =SUM(D24:D26) | E27: =SUM(E24:E26) | F27: =SUM(F24:F26) | G27: =SUM(G24:G26) | H27: =SUM(H24:H26) | I27: =SUM(I24:I26) | ... M27: =SUM(M24:M26) | N27: =SUM(B27:M27)
A30: 9:00AM-10:00AM
A31: Mombasa Bound Lane 1 | B31: ='9-10AM'!B60 | C31: ='9-10AM'!C60 | D31: ='9-10AM'!D60 | E31: ='9-10AM'!E60 | F31: ='9-10AM'!F60 | G31: ='9-10AM'!G60 | H31: ='9-10AM'!H60 | I31: ='9-10AM'!I60 | ... N31: ='9-10AM'!N60
A32: Mombasa Bound Lane 2 | B32: ='9-10AM'!B61 | C32: ='9-10AM'!C61 | D32: ='9-10AM'!D61 | E32: ='9-10AM'!E61 | F32: ='9-10AM'!F61 | G32: ='9-10AM'!G61 | H32: ='9-10AM'!H61 | I32: ='9-10AM'!I61 | ... N32: ='9-10AM'!N61
A33: Mombasa Bound Lane 3 | B33: ='9-10AM'!B62 | C33: ='9-10AM'!C62 | D33: ='9-10AM'!D62 | E33: ='9-10AM'!E62 | F33: ='9-10AM'!F62 | G33: ='9-10AM'!G62 | H33: ='9-10AM'!H62 | I33: ='9-10AM'!I62 | ... N33: ='9-10AM'!N62
A34: TOTAL | B34: =SUM(B31:B33) | C34: =SUM(C31:C33) | D34: =SUM(D31:D33) | E34: =SUM(E31:E33) | F34: =SUM(F31:F33) | G34: =SUM(G31:G33) | H34: =SUM(H31:H33) | I34: =SUM(I31:I33) | ... M34: =SUM(M31:M33) | N34: =SUM(B34:M34)
A37: 10:00AM-11:00AM
A38: Mombasa Bound Lane 1 | B38: ='10-11AM'!B60 | C38: ='10-11AM'!C60 | D38: ='10-11AM'!D60 | E38: ='10-11AM'!E60 | F38: ='10-11AM'!F60 | G38: ='10-11AM'!G60 | H38: ='10-11AM'!H60 | I38: ='10-11AM'!I60 | ... N38: ='10-11AM'!N60
A39: Mombasa Bound Lane 2 | B39: ='10-11AM'!B61 | C39: ='10-11AM'!C61 | D39: ='10-11AM'!D61 | E39: ='10-11AM'!E61 | F39: ='10-11AM'!F61 | G39: ='10-11AM'!G61 | H39: ='10-11AM'!H61 | I39: ='10-11AM'!I61 | ... N39: ='10-11AM'!N61
A40: Mombasa Bound Lane 3 | B40: ='10-11AM'!B62 | C40: ='10-11AM'!C62 | D40: ='10-11AM'!D62 | E40: ='10-11AM'!E62 | F40: ='10-11AM'!F62 | G40: ='10-11AM'!G62 | H40: ='10-11AM'!H62 | I40: ='10-11AM'!I62 | ... N40: ='10-11AM'!N62
A41: TOTAL | B41: =SUM(B38:B40) | C41: =SUM(C38:C40) | D41: =SUM(D38:D40) | E41: =SUM(E38:E40) | F41: =SUM(F38:F40) | G41: =SUM(G38:G40) | H41: =SUM(H38:H40) | I41: =SUM(I38:I40) | ... M41: =SUM(M38:M40) | N41: =SUM(B41:M41)
A44: 11:00AM-12:00AM
A45: Mombasa Bound Lane 1 | B45: ='11-12AM'!B60 | C45: ='11-12AM'!C60 | D45: ='11-12AM'!D60 | E45: ='11-12AM'!E60 | F45: ='11-12AM'!F60 | G45: ='11-12AM'!G60 | H45: ='11-12AM'!H60 | I45: ='11-12AM'!I60 | ... N45: ='11-12AM'!N60
A46: Mombasa Bound Lane 2 | B46: ='11-12AM'!B61 | C46: ='11-12AM'!C61 | D46: ='11-12AM'!D61 | E46: ='11-12AM'!E61 | F46: ='11-12AM'!F61 | G46: ='11-12AM'!G61 | H46: ='11-12AM'!H61 | I46: ='11-12AM'!I61 | ... N46: ='11-12AM'!N61
A47: Mombasa Bound Lane 3 | B47: ='11-12AM'!B62 | C47: ='11-12AM'!C62 | D47: ='11-12AM'!D62 | E47: ='11-12AM'!E62 | F47: ='11-12AM'!F62 | G47: ='11-12AM'!G62 | H47: ='11-12AM'!H62 | I47: ='11-12AM'!I62 | ... N47: ='11-12AM'!N62
A48: TOTAL | B48: =SUM(B45:B47) | C48: =SUM(C45:C47) | D48: =SUM(D45:D47) | E48: =SUM(E45:E47) | F48: =SUM(F45:F47) | G48: =SUM(G45:G47) | H48: =SUM(H45:H47) | I48: =SUM(I45:I47) | ... M48: =SUM(M45:M47) | N48: =SUM(B48:M48)
A51: 12:00NOON-1:00PM
A52: Mombasa Bound Lane 1 | B52: ='12-1PM'!B60 | C52: ='12-1PM'!C60 | D52: ='12-1PM'!D60 | E52: ='12-1PM'!E60 | F52: ='12-1PM'!F60 | G52: ='12-1PM'!G60 | H52: ='12-1PM'!H60 | I52: ='12-1PM'!I60 | ... N52: ='12-1PM'!N60
A53: Mombasa Bound Lane 2 | B53: ='12-1PM'!B61 | C53: ='12-1PM'!C61 | D53: ='12-1PM'!D61 | E53: ='12-1PM'!E61 | F53: ='12-1PM'!F61 | G53: ='12-1PM'!G61 | H53: ='12-1PM'!H61 | I53: ='12-1PM'!I61 | ... N53: ='12-1PM'!N61
A54: Mombasa Bound Lane 3 | B54: ='12-1PM'!B62 | C54: ='12-1PM'!C62 | D54: ='12-1PM'!D62 | E54: ='12-1PM'!E62 | F54: ='12-1PM'!F62 | G54: ='12-1PM'!G62 | H54: ='12-1PM'!H62 | I54: ='12-1PM'!I62 | ... N54: ='12-1PM'!N62
A55: TOTAL | B55: =SUM(B52:B54) | C55: =SUM(C52:C54) | D55: =SUM(D52:D54) | E55: =SUM(E52:E54) | F55: =SUM(F52:F54) | G55: =SUM(G52:G54) | H55: =SUM(H52:H54) | I55: =SUM(I52:I54) | ... M55: =SUM(M52:M54) | N55: =SUM(B55:M55)
A58: 1:00PM-2:00PM
A59: Mombasa Bound Lane 1 | B59: ='1-2PM'!B60 | C59: ='1-2PM'!C60 | D59: ='1-2PM'!D60 | E59: ='1-2PM'!E60 | F59: ='1-2PM'!F60 | G59: ='1-2PM'!G60 | H59: ='1-2PM'!H60 | I59: ='1-2PM'!I60 | ... N59: ='1-2PM'!N60
A60: Mombasa Bound Lane 2 | B60: ='1-2PM'!B61 | C60: ='1-2PM'!C61 | D60: ='1-2PM'!D61 | E60: ='1-2PM'!E61 | F60: ='1-2PM'!F61 | G60: ='1-2PM'!G61 | H60: ='1-2PM'!H61 | I60: ='1-2PM'!I61 | ... N60: ='1-2PM'!N61
A61: Mombasa Bound Lane 3 | B61: ='1-2PM'!B62 | C61: ='1-2PM'!C62 | D61: ='1-2PM'!D62 | E61: ='1-2PM'!E62 | F61: ='1-2PM'!F62 | G61: ='1-2PM'!G62 | H61: ='1-2PM'!H62 | I61: ='1-2PM'!I62 | ... N61: ='1-2PM'!N62
A62: TOTAL | B62: =SUM(B59:B61) | C62: =SUM(C59:C61) | D62: =SUM(D59:D61) | E62: =SUM(E59:E61) | F62: =SUM(F59:F61) | G62: =SUM(G59:G61) | H62: =SUM(H59:H61) | I62: =SUM(I59:I61) | ... M62: =SUM(M59:M61) | N62: =SUM(B62:M62)
A65: 2:00PM-3:00PM
A66: Mombasa Bound Lane 1 | B66: ='2-3PM'!B60 | C66: ='2-3PM'!C60 | D66: ='2-3PM'!D60 | E66: ='2-3PM'!E60 | F66: ='2-3PM'!F60 | G66: ='2-3PM'!G60 | H66: ='2-3PM'!H60 | I66: ='2-3PM'!I60 | ... N66: ='2-3PM'!N60
A67: Mombasa Bound Lane 2 | B67: ='2-3PM'!B61 | C67: ='2-3PM'!C61 | D67: ='2-3PM'!D61 | E67: ='2-3PM'!E61 | F67: ='2-3PM'!F61 | G67: ='2-3PM'!G61 | H67: ='2-3PM'!H61 | I67: ='2-3PM'!I61 | ... N67: ='2-3PM'!N61
A68: Mombasa Bound Lane 3 | B68: ='2-3PM'!B62 | C68: ='2-3PM'!C62 | D68: ='2-3PM'!D62 | E68: ='2-3PM'!E62 | F68: ='2-3PM'!F62 | G68: ='2-3PM'!G62 | H68: ='2-3PM'!H62 | I68: ='2-3PM'!I62 | ... N68: ='2-3PM'!N62
A69: TOTAL | B69: =SUM(B66:B68) | C69: =SUM(C66:C68) | D69: =SUM(D66:D68) | E69: =SUM(E66:E68) | F69: =SUM(F66:F68) | G69: =SUM(G66:G68) | H69: =SUM(H66:H68) | I69: =SUM(I66:I68) | ... M69: =SUM(M66:M68) | N69: =SUM(B69:M69)
A72: 3:00PM-4:00PM
A73: Mombasa Bound Lane 1 | B73: ='3-4PM'!B60 | C73: ='3-4PM'!C60 | D73: ='3-4PM'!D60 | E73: ='3-4PM'!E60 | F73: ='3-4PM'!F60 | G73: ='3-4PM'!G60 | H73: ='3-4PM'!H60 | I73: ='3-4PM'!I60 | ... N73: ='3-4PM'!N60
A74: Mombasa Bound Lane 2 | B74: ='3-4PM'!B61 | C74: ='3-4PM'!C61 | D74: ='3-4PM'!D61 | E74: ='3-4PM'!E61 | F74: ='3-4PM'!F61 | G74: ='3-4PM'!G61 | H74: ='3-4PM'!H61 | I74: ='3-4PM'!I61 | ... N74: ='3-4PM'!N61
A75: Mombasa Bound Lane 3 | B75: ='3-4PM'!B62 | C75: ='3-4PM'!C62 | D75: ='3-4PM'!D62 | E75: ='3-4PM'!E62 | F75: ='3-4PM'!F62 | G75: ='3-4PM'!G62 | H75: ='3-4PM'!H62 | I75: ='3-4PM'!I62 | ... N75: ='3-4PM'!N62
A76: TOTAL | B76: =SUM(B73:B75) | C76: =SUM(C73:C75) | D76: =SUM(D73:D75) | E76: =SUM(E73:E75) | F76: =SUM(F73:F75) | G76: =SUM(G73:G75) | H76: =SUM(H73:H75) | I76: =SUM(I73:I75) | ... M76: =SUM(M73:M75) | N76: =SUM(B76:M76)
A79: 4:00PM-5:00PM
A80: Mombasa Bound Lane 1 | B80: ='4-5PM'!B60 | C80: ='4-5PM'!C60 | D80: ='4-5PM'!D60 | E80: ='4-5PM'!E60 | F80: ='4-5PM'!F60 | G80: ='4-5PM'!G60 | H80: ='4-5PM'!H60 | I80: ='4-5PM'!I60 | ... N80: ='4-5PM'!N60
A81: Mombasa Bound Lane 2 | B81: ='4-5PM'!B61 | C81: ='4-5PM'!C61 | D81: ='4-5PM'!D61 | E81: ='4-5PM'!E61 | F81: ='4-5PM'!F61 | G81: ='4-5PM'!G61 | H81: ='4-5PM'!H61 | I81: ='4-5PM'!I61 | ... N81: ='4-5PM'!N61
A82: Mombasa Bound Lane 3 | B82: ='4-5PM'!B62 | C82: ='4-5PM'!C62 | D82: ='4-5PM'!D62 | E82: ='4-5PM'!E62 | F82: ='4-5PM'!F62 | G82: ='4-5PM'!G62 | H82: ='4-5PM'!H62 | I82: ='4-5PM'!I62 | ... N82: ='4-5PM'!N62
A83: TOTAL | B83: =SUM(B80:B82) | C83: =SUM(C80:C82) | D83: =SUM(D80:D82) | E83: =SUM(E80:E82) | F83: =SUM(F80:F82) | G83: =SUM(G80:G82) | H83: =SUM(H80:H82) | I83: =SUM(I80:I82) | ... M83: =SUM(M80:M82) | N83: =SUM(B83:M83)
A86: 5:00PM-6:00PM
A87: Mombasa Bound Lane 1 | B87: ='5-6PM '!B60 | C87: ='5-6PM '!C60 | D87: ='5-6PM '!D60 | E87: ='5-6PM '!E60 | F87: ='5-6PM '!F60 | G87: ='5-6PM '!G60 | H87: ='5-6PM '!H60 | I87: ='5-6PM '!I60 | ... N87: ='5-6PM '!N60
A88: Mombasa Bound Lane 2 | B88: ='5-6PM '!B61 | C88: ='5-6PM '!C61 | D88: ='5-6PM '!D61 | E88: ='5-6PM '!E61 | F88: ='5-6PM '!F61 | G88: ='5-6PM '!G61 | H88: ='5-6PM '!H61 | I88: ='5-6PM '!I61 | ... N88: ='5-6PM '!N61
A89: Mombasa Bound Lane 3 | B89: ='5-6PM '!B62 | C89: ='5-6PM '!C62 | D89: ='5-6PM '!D62 | E89: ='5-6PM '!E62 | F89: ='5-6PM '!F62 | G89: ='5-6PM '!G62 | H89: ='5-6PM '!H62 | I89: ='5-6PM '!I62 | ... N89: ='5-6PM '!N62
A90: TOTAL | B90: =SUM(B87:B89) | C90: =SUM(C87:C89) | D90: =SUM(D87:D89) | E90: =SUM(E87:E89) | F90: =SUM(F87:F89) | G90: =SUM(G87:G89) | H90: =SUM(H87:H89) | I90: =SUM(I87:I89) | ... M90: =SUM(M87:M89) | N90: =SUM(B90:M90)
A93: 6:00PM-7:00PM
A94: Mombasa Bound Lane 1 | B94: ='6-7PM'!B60 | C94: ='6-7PM'!C60 | D94: ='6-7PM'!D60 | E94: ='6-7PM'!E60 | F94: ='6-7PM'!F60 | G94: ='6-7PM'!G60 | H94: ='6-7PM'!H60 | I94: ='6-7PM'!I60 | ... N94: ='6-7PM'!N60
A95: Mombasa Bound Lane 2 | B95: ='6-7PM'!B61 | C95: ='6-7PM'!C61 | D95: ='6-7PM'!D61 | E95: ='6-7PM'!E61 | F95: ='6-7PM'!F61 | G95: ='6-7PM'!G61 | H95: ='6-7PM'!H61 | I95: ='6-7PM'!I61 | ... N95: ='6-7PM'!N61
A96: Mombasa Bound Lane 3 | B96: ='6-7PM'!B62 | C96: ='6-7PM'!C62 | D96: ='6-7PM'!D62 | E96: ='6-7PM'!E62 | F96: ='6-7PM'!F62 | G96: ='6-7PM'!G62 | H96: ='6-7PM'!H62 | I96: ='6-7PM'!I62 | ... N96: ='6-7PM'!N62
A97: TOTAL | B97: =SUM(B94:B96) | C97: =SUM(C94:C96) | D97: =SUM(D94:D96) | E97: =SUM(E94:E96) | F97: =SUM(F94:F96) | G97: =SUM(G94:G96) | H97: =SUM(H94:H96) | I97: =SUM(I94:I96) | ... M97: =SUM(M94:M96) | N97: =SUM(B97:M97)
A99: TOTALS FOR THE DAY
A102: TIME | B102: Motorcycle/Tuktuk | C102: Cars(<=5seats) | D102: Large Cars,4WD,SUVs | E102: Pickups/Vans | F102: Minibus/Matatus(<=14seat | G102: Small bus(14-33seat) | H102: Large bus(>33seat) | I102: Light Trucks(2axles) | J102: Medium Trucks(2axle,Double rear wheel) | K102: Heavy Trucks(3, 4 axles) | L102: Artics/draw-bar trucks | M102: Others (e.g tractors) | N102: TOTALS
A103: DAILY TOTALS
A104: Mombasa Bound Lane 1 | B104: =(B16+B24+B31+B38+B45+B52+B59+B66+B73+B80+B87+B94) | C104: =(C16+C24+C31+C38+C45+C52+C59+C66+C73+C80+C87+C94) | D104: =(D16+D24+D31+D38+D45+D52+D59+D66+D73+D80+D87+D94) | E104: =(E16+E24+E31+E38+E45+E52+E59+E66+E73+E80+E87+E94) | F104: =(F16+F24+F31+F38+F45+F52+F59+F66+F73+F80+F87+F94) | G104: =(G16+G24+G31+G38+G45+G52+G59+G66+G73+G80+G87+G94) | H104: =(H16+H24+H31+H38+H45+H52+H59+H66+H73+H80+H87+H94) | I104: =(I16+I24+I31+I38+I45+I52+I59+I66+I73+I80+I87+I94) | ... M104: =(M16+M24+M31+M38+M45+M52+M59+M66+M73+M80+M87+M94) | N104: =SUM(B104:M104)
A105: Mombasa Bound Lane 2 | B105: =(B17+B25+B32+B39+B46+B53+B60+B67+B74+B81+B88+B95) | C105: =(C17+C25+C32+C39+C46+C53+C60+C67+C74+C81+C88+C95) | D105: =(D17+D25+D32+D39+D46+D53+D60+D67+D74+D81+D88+D95) | E105: =(E17+E25+E32+E39+E46+E53+E60+E67+E74+E81+E88+E95) | F105: =(F17+F25+F32+F39+F46+F53+F60+F67+F74+F81+F88+F95) | G105: =(G17+G25+G32+G39+G46+G53+G60+G67+G74+G81+G88+G95) | H105: =(H17+H25+H32+H39+H46+H53+H60+H67+H74+H81+H88+H95) | I105: =(I17+I25+I32+I39+I46+I53+I60+I67+I74+I81+I88+I95) | ... M105: =(M17+M25+M32+M39+M46+M53+M60+M67+M74+M81+M88+M95) | N105: =SUM(B105:M105)
A106: Mombasa Bound Lane 3 | B106: =(B18+B26+B33+B40+B47+B54+B61+B68+B75+B82+B89+B96) | C106: =(C18+C26+C33+C40+C47+C54+C61+C68+C75+C82+C89+C96) | D106: =(D18+D26+D33+D40+D47+D54+D61+D68+D75+D82+D89+D96) | E106: =(E18+E26+E33+E40+E47+E54+E61+E68+E75+E82+E89+E96) | F106: =(F18+F26+F33+F40+F47+F54+F61+F68+F75+F82+F89+F96) | G106: =(G18+G26+G33+G40+G47+G54+G61+G68+G75+G82+G89+G96) | H106: =(H18+H26+H33+H40+H47+H54+H61+H68+H75+H82+H89+H96) | I106: =(I18+I26+I33+I40+I47+I54+I61+I68+I75+I82+I89+I96) | ... M106: =(M18+M26+M33+M40+M47+M54+M61+M68+M75+M82+M89+M96) | N106: =SUM(B106:M106)
A107: VEHICLES | B107: =SUM(B104:B106) | C107: =SUM(C104:C106) | D107: =SUM(D104:D106) | E107: =SUM(E104:E106) | F107: =SUM(F104:F106) | G107: =SUM(G104:G106) | H107: =SUM(H104:H106) | I107: =SUM(I104:I106) | ... M107: =SUM(M104:M106) | N107: =SUM(B107:M107)
A108: Conversion Factor | B108: 0.5 | C108: 1 | D108: 1 | E108: 1.75 | F108: 1.75 | G108: 2 | H108: 2.5 | I108: 1.25 | J108: 1.5 | K108: 2.75 | L108: 3 | M108: 2
A109: PCUs, Passenger Car Units | B109: =B107*B108 | C109: =C107*C108 | D109: =D107*D108 | E109: =E107*E108 | F109: =F107*F108 | G109: =G107*G108 | H109: =H107*H108 | I109: =I107*I108 | ... M109: =M107*M108 | N109: =SUM(B109:M109)
A112: PHFs
A113: 7-8AM | B113: ='7-8AM'!N67
A114: 8-9AM | B114: ='8-9 AM'!N67
A115: 5-6PM | B115: ='5-6PM '!N67
A116: 6-7PM | B116: ='6-7PM'!N67
