Workbook

Sheet 7-8AM
A1: 07:00 AM - 08:00 AM
A3: ROAD: JN A8 MAILI TISA-KITALE (B14) ROAD
A5: SITE: JN A8 MAILI TISA-KITALE (B14) ROAD
A6: PROJECT: PROPOSED FUEL SERVICE STATION
A7: C/O: GIDEON KAGO KARIUKI
A9: TRAFFIC VOLUME COUNTS DATA (RAW DATA)
A10: 15 MINUTES VOLUMES
A12: TIME | B12: Motorcycle/Tuktuk | C12: Cars(<=5seats) | D12: Large Cars,4WD,SUVs | E12: Large Cars,4WD,SUVs | F12: Minibus/Matatus(<=14seat | G12: Small bus(14-33seat) | H12: Large bus(>33seat) | I12: Light Trucks(2axles) | J12: Medium Trucks(2axle,Double rear wheel) | K12: Heavy Trucks(3, 4 axles) | L12: Artics/draw-bar trucks | M12: Others (e.g tractors) | N12: TOTALS
A13: 7:00-7:15
A14: Maili Tisa Bound | B14: 7 | C14: 10 | D14: 10 | E14: 10 | F14: 6 | G14: 0 | H14: 1 | I14: 1 | J14: 1 | K14: 1 | L14: 0 | M14: 0 | N14: =SUM(B14:M14) -> 47
A15: Kitale Bound | B15: 13 | C15: 16 | D15: 7 | E15: 1 | F15: 4 | G15: 0 | H15: 0 | I15: 0 | J15: 1 | K15: 0 | L15: 0 | M15: 0 | N15: =SUM(B15:M15) -> 42
A16: VEHICLES | B16: =SUM(B14:B15) -> 20 | C16: =SUM(C14:C15) -> 26 | D16: =SUM(D14:D15) -> 17 | E16: =SUM(E14:E15) -> 11 | F16: =SUM(F14:F15) -> 10 | G16: =SUM(G14:G15) -> 0 | H16: =SUM(H14:H15) -> 1 | I16: =SUM(I14:I15) -> 1 | ... M16: =SUM(M14:M15) -> 0 | N16: =SUM(B16:M16) -> 89
A17: Conversion Factor | B17: 0 | C17: 1 | D17: 1 | E17: 1 | F17: 1 | G17: 1 | H17: 2 | I17: 1 | J17: 1 | K17: 2 | L17: 2 | M17: 1
A18: PCUs, Passenger Car Units | B18: =B16*B17 -> 0 | C18: =C16*C17 -> 26 | D18: =D16*D17 -> 17 | E18: =E16*E17 -> 11 | F18: =F16*F17 -> 10 | G18: =G16*G17 -> 0 | H18: =H16*H17 -> 2 | I18: =I16*I17 -> 1 | ... M18: =M16*M17 -> 0 | N18: =SUM(B18:M18) -> 71
A22: TIME | B22: Motorcycle/Tuktuk | C22: Cars(<=5seats) | D22: Large Cars,4WD,SUVs | E22: Pickups/Vans | F22: Minibus/Matatus(<=14seat | G22: Small bus(14-33seat) | H22: Large bus(>33seat) | I22: Light Trucks(2axles) | J22: Medium Trucks(2axle,Double rear wheel) | K22: Heavy Trucks(3, 4 axles) | L22: Artics/draw-bar trucks | M22: Others (e.g tractors) | N22: TOTALS
A23: 7:15-7:30
A24: Maili Tisa Bound | B24: 15 | C24: 8 | D24: 9 | E24: 11 | F24: 7 | G24: 0 | H24: 1 | I24: 3 | J24: 1 | K24: 0 | L24: 0 | M24: 0 | N24: =SUM(B24:M24) -> 55
A25: Kitale Bound | B25: 13 | C25: 12 | D25: 18 | E25: 4 | F25: 6 | G25: 0 | H25: 0 | I25: 2 | J25: 1 | K25: 1 | L25: 0 | M25: 0 | N25: =SUM(B25:M25) -> 57
A26: VEHICLES | B26: =SUM(B24:B25) -> 28 | C26: =SUM(C24:C25) -> 20 | D26: =SUM(D24:D25) -> 27 | E26: =SUM(E24:E25) -> 15 | F26: =SUM(F24:F25) -> 13 | G26: =SUM(G24:G25) -> 0 | H26: =SUM(H24:H25) -> 1 | I26: =SUM(I24:I25) -> 5 | ... M26: =SUM(M24:M25) -> 0 | N26: =SUM(B26:M26) -> 112
A27: Conversion Factor | B27: 0 | C27: 1 | D27: 1 | E27: 1 | F27: 1 | G27: 1 | H27: 2 | I27: 1 | J27: 1 | K27: 2 | L27: 2 | M27: 1
A28: PCUs, Passenger Car Units | B28: =B26*B27 -> 0 | C28: =C26*C27 -> 20 | D28: =D26*D27 -> 27 | E28: =E26*E27 -> 15 | F28: =F26*F27 -> 13 | G28: =G26*G27 -> 0 | H28: =H26*H27 -> 2 | I28: =I26*I27 -> 5 | ... M28: =M26*M27 -> 0 | N28: =SUM(B28:M28) -> 86
A32: TIME | B32: Motorcycle/Tuktuk | C32: Cars(<=5seats) | D32: Large Cars,4WD,SUVs | E32: Pickups/Vans | F32: Minibus/Matatus(<=14seat | G32: Small bus(14-33seat) | H32: Large bus(>33seat) | I32: Light Trucks(2axles) | J32: Medium Trucks(2axle,Double rear wheel) | K32: Heavy Trucks(3, 4 axles) | L32: Artics/draw-bar trucks | M32: Others (e.g tractors) | N32: TOTALS
A33: 7:30-7:45
A34: Maili Tisa Bound | B34: 14 | C34: 22 | D34: 15 | E34: 3 | F34: 4 | G34: 0 | H34: 1 | I34: 0 | J34: 3 | K34: 0 | L34: 0 | M34: 0 | N34: =SUM(B34:M34) -> 62
A35: Kitale Bound | B35: 11 | C35: 22 | D35: 4 | E35: 7 | F35: 6 | G35: 0 | H35: 6 | I35: 2 | J35: 1 | K35: 1 | L35: 0 | M35: 0 | N35: =SUM(B35:M35) -> 60
A36: VEHICLES | B36: =SUM(B34:B35) -> 25 | C36: =SUM(C34:C35) -> 44 | D36: =SUM(D34:D35) -> 19 | E36: =SUM(E34:E35) -> 10 | F36: =SUM(F34:F35) -> 10 | G36: =SUM(G34:G35) -> 0 | H36: =SUM(H34:H35) -> 7 | I36: =SUM(I34:I35) -> 2 | ... M36: =SUM(M34:M35) -> 0 | N36: =SUM(B36:M36) -> 122
A37: Conversion Factor | B37: 0 | C37: 1 | D37: 1 | E37: 1 | F37: 1 | G37: 1 | H37: 2 | I37: 1 | J37: 1 | K37: 2 | L37: 2 | M37: 1
A38: PCUs, Passenger Car Units | B38: =B36*B37 -> 0 | C38: =C36*C37 -> 44 | D38: =D36*D37 -> 19 | E38: =E36*E37 -> 10 | F38: =F36*F37 -> 10 | G38: =G36*G37 -> 0 | H38: =H36*H37 -> 14 | I38: =I36*I37 -> 2 | ... M38: =M36*M37 -> 0 | N38: =SUM(B38:M38) -> 105
A42: TIME | B42: Motorcycle/Tuktuk | C42: Cars(<=5seats) | D42: Large Cars,4WD,SUVs | E42: Pickups/Vans | F42: Minibus/Matatus(<=14seat | G42: Small bus(14-33seat) | H42: Large bus(>33seat) | I42: Light Trucks(2axles) | J42: Medium Trucks(2axle,Double rear wheel) | K42: Heavy Trucks(3, 4 axles) | L42: Artics/draw-bar trucks | M42: Others (e.g tractors) | N42: TOTALS
A43: 7:45-8:00
A44: Maili Tisa Bound | B44: 15 | C44: 15 | D44: 10 | E44: 4 | F44: 4 | G44: 1 | H44: 0 | I44: 0 | J44: 0 | K44: 2 | L44: 1 | M44: 0 | N44: =SUM(B44:M44) -> 52
A45: Kitale Bound | B45: 9 | C45: 24 | D45: 3 | E45: 6 | F45: 9 | G45: 0 | H45: 0 | I45: 0 | J45: 1 | K45: 1 | L45: 0 | M45: 0 | N45: =SUM(B45:M45) -> 53
A46: VEHICLES | B46: =SUM(B44:B45) -> 24 | C46: =SUM(C44:C45) -> 39 | D46: =SUM(D44:D45) -> 13 | E46: =SUM(E44:E45) -> 10 | F46: =SUM(F44:F45) -> 13 | G46: =SUM(G44:G45) -> 1 | H46: =SUM(H44:H45) -> 0 | I46: =SUM(I44:I45) -> 0 | ... M46: =SUM(M44:M45) -> 0 | N46: =SUM(B46:M46) -> 105
A47: Conversion Factor | B47: 0 | C47: 1 | D47: 1 | E47: 1 | F47: 1 | G47: 1 | H47: 2 | I47: 1 | J47: 1 | K47: 2 | L47: 2 | M47: 1
A48: PCUs, Passenger Car Units | B48: =B46*B47 -> 0 | C48: =C46*C47 -> 39 | D48: =D46*D47 -> 13 | E48: =E46*E47 -> 10 | F48: =F46*F47 -> 13 | G48: =G46*G47 -> 1 | H48: =H46*H47 -> 0 | I48: =I46*I47 -> 0 | ... M48: =M46*M47 -> 0 | N48: =SUM(B48:M48) -> 85
A52: HOURLY (1HR) SUMMARY
A54: TIME | B54: Motorcycle/Tuktuk | C54: Cars(<=5seats) | D54: Large Cars,4WD,SUVs | E54: Pickups/Vans | F54: Minibus/Matatus(<=14seat | G54: Small bus(14-33seat) | H54: Large bus(>33seat) | I54: Light Trucks(2axles) | J54: Medium Trucks(2axle,Double rear wheel) | K54: Heavy Trucks(3, 4 axles) | L54: Artics/draw-bar trucks | M54: Others (e.g tractors) | N54: TOTALS
A55: 07 AM to 08 AM
A56: Maili Tisa Bound | B56: =(B14+B24+B34+B44) -> 51 | C56: =(C14+C24+C34+C44) -> 55 | D56: =(D14+D24+D34+D44) -> 44 | E56: =(E14+E24+E34+E44) -> 28 | F56: =(F14+F24+F34+F44) -> 21 | G56: =(G14+G24+G34+G44) -> 1 | H56: =(H14+H24+H34+H44) -> 3 | I56: =(I14+I24+I34+I44) -> 4 | ... M56: =(M14+M24+M34+M44) -> 0 | N56: =SUM(B56:M56) -> 216
A57: Kitale Bound | B57: =(B15+B25+B35+B45) -> 46 | C57: =(C15+C25+C35+C45) -> 74 | D57: =(D15+D25+D35+D45) -> 32 | E57: =(E15+E25+E35+E45) -> 18 | F57: =(F15+F25+F35+F45) -> 25 | G57: =(G15+G25+G35+G45) -> 0 | H57: =(H15+H25+H35+H45) -> 6 | I57: =(I15+I25+I35+I45) -> 4 | ... M57: =(M15+M25+M35+M45) -> 0 | N57: =SUM(B57:M57) -> 212
A58: VEHICLES | B58: =SUM(B56:B57) -> 97 | C58: =SUM(C56:C57) -> 129 | D58: =SUM(D56:D57) -> 76 | E58: =SUM(E56:E57) -> 46 | F58: =SUM(F56:F57) -> 46 | G58: =SUM(G56:G57) -> 1 | H58: =SUM(H56:H57) -> 9 | I58: =SUM(I56:I57) -> 8 | ... M58: =SUM(M56:M57) -> 0 | N58: =SUM(B58:M58) -> 428
A59: Conversion Factor | B59: 0 | C59: 1 | D59: 1 | E59: 1 | F59: 1 | G59: 1 | H59: 2 | I59: 1 | J59: 1 | K59: 2 | L59: 2 | M59: 1
A60: PCUs, Passenger Car Units | B60: =B58*B59 -> 0 | C60: =C58*C59 -> 129 | D60: =D58*D59 -> 76 | E60: =E58*E59 -> 46 | F60: =F58*F59 -> 46 | G60: =G58*G59 -> 1 | H60: =H58*H59 -> 18 | I60: =I58*I59 -> 8 | ... M60: =M58*M59 -> 0 | N60: =SUM(B60:M60) -> 347

Sheet 8-9AM
A1: 08:00 AM - 09:00 AM
A3: ='7-8AM'!A3 -> ROAD: JN A8 MAILI TISA-KITALE (B14) ROAD
A5: ='7-8AM'!A5 -> SITE: JN A8 MAILI TISA-KITALE (B14) ROAD
A6: ='7-8AM'!A6 -> PROJECT: PROPOSED FUEL SERVICE STATION
A7: ='7-8AM'!A7 -> C/O: GIDEON KAGO KARIUKI
A9: TRAFFIC VOLUME COUNTS DATA (RAW DATA)
A10: 15 MINUTES VOLUMES
A12: TIME | B12: Motorcycle/Tuktuk | C12: Cars(<=5seats) | D12: Large Cars,4WD,SUVs | E12: Pickups/Vans | F12: Minibus/Matatus(<=14seat | G12: Small bus(14-33seat) | H12: Large bus(>33seat) | I12: Light Trucks(2axles) | J12: Medium Trucks(2axle,Double rear wheel) | K12: Heavy Trucks(3, 4 axles) | L12: Artics/draw-bar trucks | M12: Others (e.g tractors) | N12: TOTALS
A13: 8:00-8:15
A14: ='7-8AM'!A14 -> Maili Tisa Bound | B14: 16 | C14: 13 | D14: 6 | E14: 7 | F14: 5 | G14: 1 | H14: 1 | I14: 0 | J14: 1 | K14: 1 | L14: 0 | M14: 0 | N14: =SUM(B14:M14) -> 51
A15: ='7-8AM'!A15 -> Kitale Bound | B15: 14 | C15: 16 | D15: 12 | E15: 3 | F15: 7 | G15: 0 | H15: 0 | I15: 0 | J15: 1 | K15: 0 | L15: 1 | M15: 0 | N15: =SUM(B15:M15) -> 54
A16: VEHICLES | B16: =SUM(B14:B15) -> 30 | C16: =SUM(C14:C15) -> 29 | D16: =SUM(D14:D15) -> 18 | E16: =SUM(E14:E15) -> 10 | F16: =SUM(F14:F15) -> 12 | G16: =SUM(G14:G15) -> 1 | H16: =SUM(H14:H15) -> 1 | I16: =SUM(I14:I15) -> 0 | ... M16: =SUM(M14:M15) -> 0 | N16: =SUM(B16:M16) -> 105
A17: Conversion Factor | B17: 0 | C17: 1 | D17: 1 | E17: 1 | F17: 1 | G17: 1 | H17: 2 | I17: 1 | J17: 1 | K17: 2 | L17: 2 | M17: 1
A18: PCUs, Passenger Car Units | B18: =B16*B17 -> 0 | C18: =C16*C17 -> 29 | D18: =D16*D17 -> 18 | E18: =E16*E17 -> 10 | F18: =F16*F17 -> 12 | G18: =G16*G17 -> 1 | H18: =H16*H17 -> 2 | I18: =I16*I17 -> 0 | ... M18: =M16*M17 -> 0 | N18: =SUM(B18:M18) -> 78
A22: TIME | B22: Motorcycle/Tuktuk | C22: Cars(<=5seats) | D22: Large Cars,4WD,SUVs | E22: Pickups/Vans | F22: Minibus/Matatus(<=14seat | G22: Small bus(14-33seat) | H22: Large bus(>33seat) | I22: Light Trucks(2axles) | J22: Medium Trucks(2axle,Double rear wheel) | K22: Heavy Trucks(3, 4 axles) | L22: Artics/draw-bar trucks | M22: Others (e.g tractors) | N22: TOTALS
A23: 8:15-8:30
A24: ='7-8AM'!A24 -> Maili Tisa Bound | B24: 15 | C24: 16 | D24: 7 | E24: 6 | F24: 7 | G24: 2 | H24: 0 | I24: 1 | J24: 1 | K24: 1 | L24: 0 | M24: 0 | N24: =SUM(B24:M24) -> 56
A25: ='7-8AM'!A25 -> Kitale Bound | B25: 15 | C25: 11 | D25: 11 | E25: 3 | F25: 4 | G25: 0 | H25: 1 | I25: 0 | J25: 1 | K25: 0 | L25: 0 | M25: 0 | N25: =SUM(B25:M25) -> 46
A26: VEHICLES | B26: =SUM(B24:B25) -> 30 | C26: =SUM(C24:C25) -> 27 | D26: =SUM(D24:D25) -> 18 | E26: =SUM(E24:E25) -> 9 | F26: =SUM(F24:F25) -> 11 | G26: =SUM(G24:G25) -> 2 | H26: =SUM(H24:H25) -> 1 | I26: =SUM(I24:I25) -> 1 | ... M26: =SUM(M24:M25) -> 0 | N26: =SUM(B26:M26) -> 102
A27: Conversion Factor | B27: 0 | C27: 1 | D27: 1 | E27: 1 | F27: 1 | G27: 1 | H27: 2 | I27: 1 | J27: 1 | K27: 2 | L27: 2 | M27: 1
A28: PCUs, Passenger Car Units | B28: =B26*B27 -> 0 | C28: =C26*C27 -> 27 | D28: =D26*D27 -> 18 | E28: =E26*E27 -> 9 | F28: =F26*F27 -> 11 | G28: =G26*G27 -> 2 | H28: =H26*H27 -> 2 | I28: =I26*I27 -> 1 | ... M28: =M26*M27 -> 0 | N28: =SUM(B28:M28) -> 74
A32: TIME | B32: Motorcycle/Tuktuk | C32: Cars(<=5seats) | D32: Large Cars,4WD,SUVs | E32: Pickups/Vans | F32: Minibus/Matatus(<=14seat | G32: Small bus(14-33seat) | H32: Large bus(>33seat) | I32: Light Trucks(2axles) | J32: Medium Trucks(2axle,Double rear wheel) | K32: Heavy Trucks(3, 4 axles) | L32: Artics/draw-bar trucks | M32: Others (e.g tractors) | N32: TOTALS
A33: 8:30-8:45
A34: ='7-8AM'!A34 -> Maili Tisa Bound | B34: 16 | C34: 13 | D34: 5 | E34: 2 | F34: 5 | G34: 3 | H34: 1 | I34: 4 | J34: 2 | K34: 1 | L34: 0 | M34: 0 | N34: =SUM(B34:M34) -> 52
A35: ='7-8AM'!A35 -> Kitale Bound | B35: 11 | C35: 8 | D35: 11 | E35: 4 | F35: 8 | G35: 1 | H35: 0 | I35: 0 | J35: 1 | K35: 0 | L35: 0 | M35: 0 | N35: =SUM(B35:M35) -> 44
A36: VEHICLES | B36: =SUM(B34:B35) -> 27 | C36: =SUM(C34:C35) -> 21 | D36: =SUM(D34:D35) -> 16 | E36: =SUM(E34:E35) -> 6 | F36: =SUM(F34:F35) -> 13 | G36: =SUM(G34:G35) -> 4 | H36: =SUM(H34:H35) -> 1 | I36: =SUM(I34:I35) -> 4 | ... M36: =SUM(M34:M35) -> 0 | N36: =SUM(B36:M36) -> 96
A37: Conversion Factor | B37: 0 | C37: 1 | D37: 1 | E37: 1 | F37: 1 | G37: 1 | H37: 2 | I37: 1 | J37: 1 | K37: 2 | L37: 2 | M37: 1
A38: PCUs, Passenger Car Units | B38: =B36*B37 -> 0 | C38: =C36*C37 -> 21 | D38: =D36*D37 -> 16 | E38: =E36*E37 -> 6 | F38: =F36*F37 -> 13 | G38: =G36*G37 -> 4 | H38: =H36*H37 -> 2 | I38: =I36*I37 -> 4 | ... M38: =M36*M37 -> 0 | N38: =SUM(B38:M38) -> 71
A42: TIME | B42: Motorcycle/Tuktuk | C42: Cars(<=5seats) | D42: Large Cars,4WD,SUVs | E42: Pickups/Vans | F42: Minibus/Matatus(<=14seat | G42: Small bus(14-33seat) | H42: Large bus(>33seat) | I42: Light Trucks(2axles) | J42: Medium Trucks(2axle,Double rear wheel) | K42: Heavy Trucks(3, 4 axles) | L42: Artics/draw-bar trucks | M42: Others (e.g tractors) | N42: TOTALS
A43: 8:45-9:00
A44: ='7-8AM'!A44 -> Maili Tisa Bound | B44: 9 | C44: 15 | D44: 7 | E44: 4 | F44: 9 | G44: 0 | H44: 0 | I44: 2 | J44: 1 | K44: 1 | L44: 0 | M44: 0 | N44: =SUM(B44:M44) -> 48
A45: ='7-8AM'!A45 -> Kitale Bound | B45: 18 | C45: 13 | D45: 6 | E45: 6 | F45: 6 | G45: 0 | H45: 0 | I45: 1 | J45: 1 | K45: 0 | L45: 0 | M45: 0 | N45: =SUM(B45:M45) -> 51
A46: VEHICLES | B46: =SUM(B44:B45) -> 27 | C46: =SUM(C44:C45) -> 28 | D46: =SUM(D44:D45) -> 13 | E46: =SUM(E44:E45) -> 10 | F46: =SUM(F44:F45) -> 15 | G46: =SUM(G44:G45) -> 0 | H46: =SUM(H44:H45) -> 0 | I46: =SUM(I44:I45) -> 3 | ... M46: =SUM(M44:M45) -> 0 | N46: =SUM(B46:M46) -> 99
A47: Conversion Factor | B47: 0 | C47: 1 | D47: 1 | E47: 1 | F47: 1 | G47: 1 | H47: 2 | I47: 1 | J47: 1 | K47: 2 | L47: 2 | M47: 1
A48: PCUs, Passenger Car Units | B48: =B46*B47 -> 0 | C48: =C46*C47 -> 28 | D48: =D46*D47 -> 13 | E48: =E46*E47 -> 10 | F48: =F46*F47 -> 15 | G48: =G46*G47 -> 0 | H48: =H46*H47 -> 0 | I48: =I46*I47 -> 3 | ... M48: =M46*M47 -> 0 | N48: =SUM(B48:M48) -> 73
A52: HOURLY (1HR) SUMMARY
A54: TIME | B54: Motorcycle/Tuktuk | C54: Cars(<=5seats) | D54: Large Cars,4WD,SUVs | E54: Pickups/Vans | F54: Minibus/Matatus(<=14seat | G54: Small bus(14-33seat) | H54: Large bus(>33seat) | I54: Light Trucks(2axles) | J54: Medium Trucks(2axle,Double rear wheel) | K54: Heavy Trucks(3, 4 axles) | L54: Artics/draw-bar trucks | M54: Others (e.g tractors) | N54: TOTALS
A55: 08 AM to 09 AM
A56: ='7-8AM'!A56 -> Maili Tisa Bound | B56: =B14+B24+B34+B44 -> 56 | C56: =C14+C24+C34+C44 -> 57 | D56: =D14+D24+D34+D44 -> 25 | E56: =E14+E24+E34+E44 -> 19 | F56: =F14+F24+F34+F44 -> 26 | G56: =G14+G24+G34+G44 -> 6 | H56: =H14+H24+H34+H44 -> 2 | I56: =I14+I24+I34+I44 -> 7 | ... M56: =M14+M24+M34+M44 -> 0 | N56: =SUM(B56:M56) -> 207
A57: ='7-8AM'!A57 -> Kitale Bound | B57: =B15+B25+B35+B45 -> 58 | C57: =C15+C25+C35+C45 -> 48 | D57: =D15+D25+D35+D45 -> 40 | E57: =E15+E25+E35+E45 -> 16 | F57: =F15+F25+F35+F45 -> 25 | G57: =G15+G25+G35+G45 -> 1 | H57: =H15+H25+H35+H45 -> 1 | I57: =I15+I25+I35+I45 -> 1 | ... M57: =M15+M25+M35+M45 -> 0 | N57: =SUM(B57:M57) -> 195
A58: VEHICLES | B58: =SUM(B56:B57) -> 114 | C58: =SUM(C56:C57) -> 105 | D58: =SUM(D56:D57) -> 65 | E58: =SUM(E56:E57) -> 35 | F58: =SUM(F56:F57) -> 51 | G58: =SUM(G56:G57) -> 7 | H58: =SUM(H56:H57) -> 3 | I58: =SUM(I56:I57) -> 8 | ... M58: =SUM(M56:M57) -> 0 | N58: =SUM(B58:M58) -> 402
A59: Conversion Factor | B59: 0 | C59: 1 | D59: 1 | E59: 1 | F59: 1 | G59: 1 | H59: 2 | I59: 1 | J59: 1 | K59: 2 | L59: 2 | M59: 1
A60: PCUs, Passenger Car Units | B60: =B58*B59 -> 0 | C60: =C58*C59 -> 105 | D60: =D58*D59 -> 65 | E60: =E58*E59 -> 35 | F60: =F58*F59 -> 51 | G60: =G58*G59 -> 7 | H60: =H58*H59 -> 6 | I60: =I58*I59 -> 8 | ... M60: =M58*M59 -> 0 | N60: =SUM(B60:M60) -> 296

Sheet 9-10AM
A1: 09:00AM-10:00AM
A3: ='7-8AM'!A3 -> ROAD: JN A8 MAILI TISA-KITALE (B14) ROAD
A5: ='7-8AM'!A5 -> SITE: JN A8 MAILI TISA-KITALE (B14) ROAD
A6: ='7-8AM'!A6 -> PROJECT: PROPOSED FUEL SERVICE STATION
A7: ='7-8AM'!A7 -> C/O: GIDEON KAGO KARIUKI
A9: TRAFFIC VOLUME COUNTS DATA (RAW DATA)
A10: 15 MINUTES VOLUMES
A12: TIME | B12: Motorcycle/Tuktuk | C12: Cars(<=5seats) | D12: Large Cars,4WD,SUVs | E12: Pickups/Vans | F12: Minibus/Matatus(<=14seat | G12: Small bus(14-33seat) | H12: Large bus(>33seat) | I12: Light Trucks(2axles) | J12: Medium Trucks(2axle,Double rear wheel) | K12: Heavy Trucks(3, 4 axles) | L12: Artics/draw-bar trucks | M12: Others (e.g tractors) | N12: TOTALS
A13: 09:00-09:15
A14: ='7-8AM'!A14 -> Maili Tisa Bound | B14: 11 | C14: 8 | D14: 4 | E14: 2 | F14: 6 | G14: 0 | H14: 0 | I14: 1 | J14: 3 | K14: 1 | L14: 1 | M14: 0 | N14: =SUM(B14:M14) -> 37
A15: ='7-8AM'!A15 -> Kitale Bound | B15: 15 | C15: 6 | D15: 6 | E15: 1 | F15: 8 | G15: 0 | H15: 1 | I15: 1 | J15: 4 | K15: 1 | L15: 0 | M15: 0 | N15: =SUM(B15:M15) -> 43
A16: VEHICLES | B16: =SUM(B14:B15) -> 26 | C16: =SUM(C14:C15) -> 14 | D16: =SUM(D14:D15) -> 10 | E16: =SUM(E14:E15) -> 3 | F16: =SUM(F14:F15) -> 14 | G16: =SUM(G14:G15) -> 0 | H16: =SUM(H14:H15) -> 1 | I16: =SUM(I14:I15) -> 2 | ... M16: =SUM(M14:M15) -> 0 | N16: =SUM(B16:M16) -> 80
A17: Conversion Factor | B17: 0 | C17: 1 | D17: 1 | E17: 1 | F17: 1 | G17: 1 | H17: 2 | I17: 1 | J17: 1 | K17: 2 | L17: 2 | M17: 1
A18: PCUs, Passenger Car Units | B18: =B16*B17 -> 0 | C18: =C16*C17 -> 14 | D18: =D16*D17 -> 10 | E18: =E16*E17 -> 3 | F18: =F16*F17 -> 14 | G18: =G16*G17 -> 0 | H18: =H16*H17 -> 2 | I18: =I16*I17 -> 2 | ... M18: =M16*M17 -> 0 | N18: =SUM(B18:M18) -> 58
A22: TIME | B22: Motorcycle/Tuktuk | C22: Cars(<=5seats) | D22: Large Cars,4WD,SUVs | E22: Pickups/Vans | F22: Minibus/Matatus(<=14seat | G22: Small bus(14-33seat) | H22: Large bus(>33seat) | I22: Light Trucks(2axles) | J22: Medium Trucks(2axle,Double rear wheel) | K22: Heavy Trucks(3, 4 axles) | L22: Artics/draw-bar trucks | M22: Others (e.g tractors) | N22: TOTALS
A23: 9:15-9:30
A24: ='7-8AM'!A24 -> Maili Tisa Bound | B24: 14 | C24: 11 | D24: 4 | E24: 8 | F24: 4 | G24: 0 | H24: 0 | I24: 1 | J24: 2 | K24: 1 | L24: 0 | M24: 0 | N24: =SUM(B24:M24) -> 45
A25: ='7-8AM'!A25 -> Kitale Bound | B25: 12 | C25: 7 | D25: 3 | E25: 1 | F25: 9 | G25: 1 | H25: 1 | I25: 2 | J25: 1 | K25: 0 | L25: 0 | M25: 0 | N25: =SUM(B25:M25) -> 37
A26: VEHICLES | B26: =SUM(B24:B25) -> 26 | C26: =SUM(C24:C25) -> 18 | D26: =SUM(D24:D25) -> 7 | E26: =SUM(E24:E25) -> 9 | F26: =SUM(F24:F25) -> 13 | G26: =SUM(G24:G25) -> 1 | H26: =SUM(H24:H25) -> 1 | I26: =SUM(I24:I25) -> 3 | ... M26: =SUM(M24:M25) -> 0 | N26: =SUM(B26:M26) -> 82
A27: Conversion Factor | B27: 0 | C27: 1 | D27: 1 | E27: 1 | F27: 1 | G27: 1 | H27: 2 | I27: 1 | J27: 1 | K27: 2 | L27: 2 | M27: 1
A28: PCUs, Passenger Car Units | B28: =B26*B27 -> 0 | C28: =C26*C27 -> 18 | D28: =D26*D27 -> 7 | E28: =E26*E27 -> 9 | F28: =F26*F27 -> 13 | G28: =G26*G27 -> 1 | H28: =H26*H27 -> 2 | I28: =I26*I27 -> 3 | ... M28: =M26*M27 -> 0 | N28: =SUM(B28:M28) -> 58
A32: TIME | B32: Motorcycle/Tuktuk | C32: Cars(<=5seats) | D32: Large Cars,4WD,SUVs | E32: Pickups/Vans | F32: Minibus/Matatus(<=14seat | G32: Small bus(14-33seat) | H32: Large bus(>33seat) | I32: Light Trucks(2axles) | J32: Medium Trucks(2axle,Double rear wheel) | K32: Heavy Trucks(3, 4 axles) | L32: Artics/draw-bar trucks | M32: Others (e.g tractors) | N32: TOTALS
A33: 9:30-9:45
A34: ='7-8AM'!A34 -> Maili Tisa Bound | B34: 13 | C34: 7 | D34: 6 | E34: 3 | F34: 7 | G34: 1 | H34: 0 | I34: 0 | J34: 3 | K34: 1 | L34: 0 | M34: 0 | N34: =SUM(B34:M34) -> 41
A35: ='7-8AM'!A35 -> Kitale Bound | B35: 15 | C35: 13 | D35: 7 | E35: 5 | F35: 9 | G35: 0 | H35: 0 | I35: 2 | J35: 4 | K35: 1 | L35: 0 | M35: 0 | N35: =SUM(B35:M35) -> 56
A36: VEHICLES | B36: =SUM(B34:B35) -> 28 | C36: =SUM(C34:C35) -> 20 | D36: =SUM(D34:D35) -> 13 | E36: =SUM(E34:E35) -> 8 | F36: =SUM(F34:F35) -> 16 | G36: =SUM(G34:G35) -> 1 | H36: =SUM(H34:H35) -> 0 | I36: =SUM(I34:I35) -> 2 | ... M36: =SUM(M34:M35) -> 0 | N36: =SUM(B36:M36) -> 97
A37: Conversion Factor | B37: 0 | C37: 1 | D37: 1 | E37: 1 | F37: 1 | G37: 1 | H37: 2 | I37: 1 | J37: 1 | K37: 2 | L37: 2 | M37: 1
A38: PCUs, Passenger Car Units | B38: =B36*B37 -> 0 | C38: =C36*C37 -> 20 | D38: =D36*D37 -> 13 | E38: =E36*E37 -> 8 | F38: =F36*F37 -> 16 | G38: =G36*G37 -> 1 | H38: =H36*H37 -> 0 | I38: =I36*I37 -> 2 | ... M38: =M36*M37 -> 0 | N38: =SUM(B38:M38) -> 71
A42: TIME | B42: Motorcycle/Tuktuk | C42: Cars(<=5seats) | D42: Large Cars,4WD,SUVs | E42: Pickups/Vans | F42: Minibus/Matatus(<=14seat | G42: Small bus(14-33seat) | H42: Large bus(>33seat) | I42: Light Trucks(2axles) | J42: Medium Trucks(2axle,Double rear wheel) | K42: Heavy Trucks(3, 4 axles) | L42: Artics/draw-bar trucks | M42: Others (e.g tractors) | N42: TOTALS
A43: 9:45-10:00
A44: ='7-8AM'!A44 -> Maili Tisa Bound | B44: 12 | C44: 12 | D44: 6 | E44: 3 | F44: 6 | G44: 0 | H44: 0 | I44: 0 | J44: 1 | K44: 0 | L44: 0 | M44: 0 | N44: =SUM(B44:M44) -> 40
A45: ='7-8AM'!A45 -> Kitale Bound | B45: 18 | C45: 18 | D45: 6 | E45: 5 | F45: 11 | G45: 0 | H45: 0 | I45: 0 | J45: 3 | K45: 1 | L45: 0 | M45: 0 | N45: =SUM(B45:M45) -> 62
A46: VEHICLES | B46: =SUM(B44:B45) -> 30 | C46: =SUM(C44:C45) -> 30 | D46: =SUM(D44:D45) -> 12 | E46: =SUM(E44:E45) -> 8 | F46: =SUM(F44:F45) -> 17 | G46: =SUM(G44:G45) -> 0 | H46: =SUM(H44:H45) -> 0 | I46: =SUM(I44:I45) -> 0 | ... M46: =SUM(M44:M45) -> 0 | N46: =SUM(B46:M46) -> 102
A47: Conversion Factor | B47: 0 | C47: 1 | D47: 1 | E47: 1 | F47: 1 | G47: 1 | H47: 2 | I47: 1 | J47: 1 | K47: 2 | L47: 2 | M47: 1
A48: PCUs, Passenger Car Units | B48: =B46*B47 -> 0 | C48: =C46*C47 -> 30 | D48: =D46*D47 -> 12 | E48: =E46*E47 -> 8 | F48: =F46*F47 -> 17 | G48: =G46*G47 -> 0 | H48: =H46*H47 -> 0 | I48: =I46*I47 -> 0 | ... M48: =M46*M47 -> 0 | N48: =SUM(B48:M48) -> 73
A52: HOURLY (1HR) SUMMARY
A54: TIME | B54: Motorcycle/Tuktuk | C54: Cars(<=5seats) | D54: Large Cars,4WD,SUVs | E54: Pickups/Vans | F54: Minibus/Matatus(<=14seat | G54: Small bus(14-33seat) | H54: Large bus(>33seat) | I54: Light Trucks(2axles) | J54: Medium Trucks(2axle,Double rear wheel) | K54: Heavy Trucks(3, 4 axles) | L54: Artics/draw-bar trucks | M54: Others (e.g tractors) | N54: TOTALS
A55: 09 AM to 10 AM
A56: ='7-8AM'!A56 -> Maili Tisa Bound | B56: =B14+B24+B34+B44 -> 50 | C56: =SUM(C14,C24,C34,C44) -> 38 | D56: =SUM(D14,D24,D34,D44) -> 20 | E56: =SUM(E14,E24,E34,E44) -> 16 | F56: =SUM(F14,F24,F34,F44) -> 23 | G56: =SUM(G14,G24,G34,G44) -> 1 | H56: =SUM(H14,H24,H34,H44) -> 0 | I56: =SUM(I14,I24,I34,I44) -> 2 | J56: =SUM(J14,J24,J34,J44) -> 9 | ... M56: =SUM(M14,M24,M34,M44) -> 0 | N56: =SUM(B56:M56) -> 163
A57: ='7-8AM'!A57 -> Kitale Bound | B57: =SUM(B15,B25,B35,B45) -> 60 | C57: =SUM(C15,C25,C35,C45) -> 44 | D57: =SUM(D15,D25,D35,D45) -> 22 | E57: =SUM(E15,E25,E35,E45) -> 12 | F57: =SUM(F15,F25,F35,F45) -> 37 | G57: =SUM(G15,G25,G35,G45) -> 1 | H57: =SUM(H15,H25,H35,H45) -> 2 | I57: =SUM(I15,I25,I35,I45) -> 5 | ... M57: =SUM(M15,M25,M35,M45) -> 0 | N57: =SUM(B57:M57) -> 198
A58: VEHICLES | B58: =SUM(B56:B57) -> 110 | C58: =SUM(C56:C57) -> 82 | D58: =SUM(D56:D57) -> 42 | E58: =SUM(E56:E57) -> 28 | F58: =SUM(F56:F57) -> 60 | G58: =SUM(G56:G57) -> 2 | H58: =SUM(H56:H57) -> 2 | I58: =SUM(I56:I57) -> 7 | ... M58: =SUM(M56:M57) -> 0 | N58: =SUM(B58:M58) -> 361
A59: Conversion Factor | B59: 0 | C59: 1 | D59: 1 | E59: 1 | F59: 1 | G59: 1 | H59: 2 | I59: 1 | J59: 1 | K59: 2 | L59: 2 | M59: 1
A60: PCUs, Passenger Car Units | B60: =B58*B59 -> 0 | C60: =C58*C59 -> 82 | D60: =D58*D59 -> 42 | E60: =E58*E59 -> 28 | F60: =F58*F59 -> 60 | G60: =G58*G59 -> 2 | H60: =H58*H59 -> 4 | I60: =I58*I59 -> 7 | ... M60: =M58*M59 -> 0 | N60: =SUM(B60:M60) -> 260

Sheet 10-11AM
A1: 10:00AM-11:00AM
A3: ='7-8AM'!A3 -> ROAD: JN A8 MAILI TISA-KITALE (B14) ROAD
A5: ='7-8AM'!A5 -> SITE: JN A8 MAILI TISA-KITALE (B14) ROAD
A6: ='7-8AM'!A6 -> PROJECT: PROPOSED FUEL SERVICE STATION
A7: ='7-8AM'!A7 -> C/O: GIDEON KAGO KARIUKI
A9: TRAFFIC VOLUME COUNTS DATA (RAW DATA)
A10: 15 MINUTES VOLUMES
A12: TIME | B12: Motorcycle/Tuktuk | C12: Cars(<=5seats) | D12: Large Cars,4WD,SUVs | E12: Pickups/Vans | F12: Minibus/Matatus(<=14seat | G12: Small bus(14-33seat) | H12: Large bus(>33seat) | I12: Light Trucks(2axles) | J12: Medium Trucks(2axle,Double rear wheel) | K12: Heavy Trucks(3, 4 axles) | L12: Artics/draw-bar trucks | M12: Others (e.g tractors) | N12: TOTALS
A13: 10:00-10:15
A14: ='7-8AM'!A14 -> Maili Tisa Bound | B14: 16 | C14: 10 | D14: 15 | E14: 4 | F14: 6 | G14: 1 | H14: 1 | I14: 0 | J14: 2 | K14: 1 | L14: 0 | M14: 0 | N14: =SUM(B14:M14) -> 56
A15: ='7-8AM'!A15 -> Kitale Bound | B15: 13 | C15: 16 | D15: 7 | E15: 9 | F15: 4 | G15: 0 | H15: 0 | I15: 1 | J15: 1 | K15: 0 | L15: 0 | M15: 0 | N15: =SUM(B15:M15) -> 51
A16: VEHICLES | B16: =SUM(B14:B15) -> 29 | C16: =SUM(C14:C15) -> 26 | D16: =SUM(D14:D15) -> 22 | E16: =SUM(E14:E15) -> 13 | F16: =SUM(F14:F15) -> 10 | G16: =SUM(G14:G15) -> 1 | H16: =SUM(H14:H15) -> 1 | I16: =SUM(I14:I15) -> 1 | ... M16: =SUM(M14:M15) -> 0 | N16: =SUM(B16:M16) -> 107
A17: Conversion Factor | B17: 0 | C17: 1 | D17: 1 | E17: 1 | F17: 1 | G17: 1 | H17: 2 | I17: 1 | J17: 1 | K17: 2 | L17: 2 | M17: 1
A18: PCUs, Passenger Car Units | B18: =B16*B17 -> 0 | C18: =C16*C17 -> 26 | D18: =D16*D17 -> 22 | E18: =E16*E17 -> 13 | F18: =F16*F17 -> 10 | G18: =G16*G17 -> 1 | H18: =H16*H17 -> 2 | I18: =I16*I17 -> 1 | ... M18: =M16*M17 -> 0 | N18: =SUM(B18:M18) -> 80
A22: TIME | B22: Motorcycle/Tuktuk | C22: Cars(<=5seats) | D22: Large Cars,4WD,SUVs | E22: Pickups/Vans | F22: Minibus/Matatus(<=14seat | G22: Small bus(14-33seat) | H22: Large bus(>33seat) | I22: Light Trucks(2axles) | J22: Medium Trucks(2axle,Double rear wheel) | K22: Heavy Trucks(3, 4 axles) | L22: Artics/draw-bar trucks | M22: Others (e.g tractors) | N22: TOTALS
A23: 10:15-10:30
A24: ='7-8AM'!A24 -> Maili Tisa Bound | B24: 12 | C24: 8 | D24: 7 | E24: 10 | F24: 6 | G24: 1 | H24: 1 | I24: 0 | J24: 1 | K24: 0 | L24: 0 | M24: 0 | N24: =SUM(B24:M24) -> 46
A25: ='7-8AM'!A25 -> Kitale Bound | B25: 16 | C25: 7 | D25: 6 | E25: 4 | F25: 9 | G25: 0 | H25: 0 | I25: 1 | J25: 1 | K25: 1 | L25: 1 | M25: 0 | N25: =SUM(B25:M25) -> 46
A26: VEHICLES | B26: 1 | C26: =SUM(C24:C25) -> 15 | D26: =SUM(D24:D25) -> 13 | E26: =SUM(E24:E25) -> 14 | F26: =SUM(F24:F25) -> 15 | G26: =SUM(G24:G25) -> 1 | H26: =SUM(H24:H25) -> 1 | I26: =SUM(I24:I25) -> 1 | J26: =SUM(J24:J25) -> 2 | ... M26: =SUM(M24:M25) -> 0 | N26: =SUM(B26:M26) -> 65
A27: Conversion Factor | B27: 0 | C27: 1 | D27: 1 | E27: 1 | F27: 1 | G27: 1 | H27: 2 | I27: 1 | J27: 1 | K27: 2 | L27: 2 | M27: 1
A28: PCUs, Passenger Car Units | B28: =B26*B27 -> 0 | C28: =C26*C27 -> 15 | D28: =D26*D27 -> 13 | E28: =E26*E27 -> 14 | F28: =F26*F27 -> 15 | G28: =G26*G27 -> 1 | H28: =H26*H27 -> 2 | I28: =I26*I27 -> 1 | ... M28: =M26*M27 -> 0 | N28: =SUM(B28:M28) -> 67
A32: TIME | B32: Motorcycle/Tuktuk | C32: Cars(<=5seats) | D32: Large Cars,4WD,SUVs | E32: Pickups/Vans | F32: Minibus/Matatus(<=14seat | G32: Small bus(14-33seat) | H32: Large bus(>33seat) | I32: Light Trucks(2axles) | J32: Medium Trucks(2axle,Double rear wheel) | K32: Heavy Trucks(3, 4 axles) | L32: Artics/draw-bar trucks | M32: Others (e.g tractors) | N32: TOTALS
A33: 10:30-10:45
A34: ='7-8AM'!A34 -> Maili Tisa Bound | B34: 11 | C34: 12 | D34: 9 | E34: 4 | F34: 8 | G34: 0 | H34: 0 | I34: 1 | J34: 1 | K34: 1 | L34: 0 | M34: 0 | N34: =SUM(B34:M34) -> 47
A35: ='7-8AM'!A35 -> Kitale Bound | B35: 15 | C35: 13 | D35: 10 | E35: 6 | F35: 3 | G35: 2 | H35: 1 | I35: 0 | J35: 1 | K35: 0 | L35: 0 | M35: 0 | N35: =SUM(B35:M35) -> 51
A36: VEHICLES | B36: =SUM(B34:B35) -> 26 | C36: =SUM(C34:C35) -> 25 | D36: =SUM(D34:D35) -> 19 | E36: =SUM(E34:E35) -> 10 | F36: =SUM(F34:F35) -> 11 | G36: =SUM(G34:G35) -> 2 | H36: 0 | I36: =SUM(I34:I35) -> 1 | J36: =SUM(J34:J35) -> 2 | K36: =SUM(K34:K35) -> 1 | L36: =SUM(L34:L35) -> 0 | M36: =SUM(M34:M35) -> 0 | N36: =SUM(B36:M36) -> 97
A37: Conversion Factor | B37: 0 | C37: 1 | D37: 1 | E37: 1 | F37: 1 | G37: 1 | H37: 2 | I37: 1 | J37: 1 | K37: 2 | L37: 2 | M37: 1
A38: PCUs, Passenger Car Units | B38: =B36*B37 -> 0 | C38: =C36*C37 -> 25 | D38: =D36*D37 -> 19 | E38: =E36*E37 -> 10 | F38: =F36*F37 -> 11 | G38: =G36*G37 -> 2 | H38: =H36*H37 -> 0 | I38: =I36*I37 -> 1 | ... M38: =M36*M37 -> 0 | N38: =SUM(B38:M38) -> 72
A42: TIME | B42: Motorcycle/Tuktuk | C42: Cars(<=5seats) | D42: Large Cars,4WD,SUVs | E42: Pickups/Vans | F42: Minibus/Matatus(<=14seat | G42: Small bus(14-33seat) | H42: Large bus(>33seat) | I42: Light Trucks(2axles) | J42: Medium Trucks(2axle,Double rear wheel) | K42: Heavy Trucks(3, 4 axles) | L42: Artics/draw-bar trucks | M42: Others (e.g tractors) | N42: TOTALS
A43: 10:45-11:00
A44: ='7-8AM'!A44 -> Maili Tisa Bound | B44: 14 | C44: 12 | D44: 6 | E44: 2 | F44: 8 | G44: 2 | H44: 1 | I44: 1 | J44: 4 | K44: 1 | L44: 0 | M44: 0 | N44: =SUM(B44:M44) -> 51
A45: ='7-8AM'!A45 -> Kitale Bound | B45: 11 | C45: 13 | D45: 7 | E45: 6 | F45: 7 | G45: 4 | H45: 0 | I45: 1 | J45: 1 | K45: 0 | L45: 0 | M45: 0 | N45: =SUM(B45:M45) -> 50
A46: VEHICLES | B46: =SUM(B44:B45) -> 25 | C46: =SUM(C44:C45) -> 25 | D46: =SUM(D44:D45) -> 13 | E46: =SUM(E44:E45) -> 8 | F46: =SUM(F44:F45) -> 15 | G46: =SUM(G44:G45) -> 6 | H46: =SUM(H44:H45) -> 1 | I46: =SUM(I44:I45) -> 2 | ... M46: =SUM(M44:M45) -> 0 | N46: =SUM(B46:M46) -> 101
A47: Conversion Factor | B47: 0 | C47: 1 | D47: 1 | E47: 1 | F47: 1 | G47: 1 | H47: 2 | I47: 1 | J47: 1 | K47: 2 | L47: 2 | M47: 1
A48: PCUs, Passenger Car Units | B48: =B46*B47 -> 0 | C48: =C46*C47 -> 25 | D48: =D46*D47 -> 13 | E48: =E46*E47 -> 8 | F48: =F46*F47 -> 15 | G48: =G46*G47 -> 6 | H48: =H46*H47 -> 2 | I48: =I46*I47 -> 2 | ... M48: =M46*M47 -> 0 | N48: =SUM(B48:M48) -> 78
A52: HOURLY (1HR) SUMMARY
A54: TIME | B54: Motorcycle/Tuktuk | C54: Cars(<=5seats) | D54: Large Cars,4WD,SUVs | E54: Pickups/Vans | F54: Minibus/Matatus(<=14seat | G54: Small bus(14-33seat) | H54: Large bus(>33seat) | I54: Light Trucks(2axles) | J54: Medium Trucks(2axle,Double rear wheel) | K54: Heavy Trucks(3, 4 axles) | L54: Artics/draw-bar trucks | M54: Others (e.g tractors) | N54: TOTALS
A55: 10 AM to 11 AM
A56: ='7-8AM'!A56 -> Maili Tisa Bound | B56: =(B14+B24+B34+B44) -> 53 | C56: =(C14+C24+C34+C44) -> 42 | D56: =(D14+D24+D34+D44) -> 37 | E56: =(E14+E24+E34+E44) -> 20 | F56: =(F14+F24+F34+F44) -> 28 | G56: =(G14+G24+G34+G44) -> 4 | H56: =(H14+H24+H34+H44) -> 3 | I56: =(I14+I24+I34+I44) -> 2 | ... M56: =(M14+M24+M34+M44) -> 0 | N56: =SUM(B56:M56) -> 200
A57: ='7-8AM'!A57 -> Kitale Bound | B57: =(B15+B25+B35+B45) -> 55 | C57: =(C15+C25+C35+C45) -> 49 | D57: =(D15+D25+D35+D45) -> 30 | E57: =(E15+E25+E35+E45) -> 25 | F57: =(F15+F25+F35+F45) -> 23 | G57: =(G15+G25+G35+G45) -> 6 | H57: =(H15+H25+H35+H45) -> 1 | I57: =(I15+I25+I35+I45) -> 3 | ... M57: =(M15+M25+M35+M45) -> 0 | N57: =SUM(B57:M57) -> 198
A58: VEHICLES | B58: =SUM(B56:B57) -> 108 | C58: =SUM(C56:C57) -> 91 | D58: =SUM(D56:D57) -> 67 | E58: =SUM(E56:E57) -> 45 | F58: =SUM(F56:F57) -> 51 | G58: =SUM(G56:G57) -> 10 | H58: =SUM(H56:H57) -> 4 | I58: =SUM(I56:I57) -> 5 | ... M58: =SUM(M56:M57) -> 0 | N58: =SUM(B58:M58) -> 398
A59: Conversion Factor | B59: 0 | C59: 1 | D59: 1 | E59: 1 | F59: 1 | G59: 1 | H59: 2 | I59: 1 | J59: 1 | K59: 2 | L59: 2 | M59: 1
A60: PCUs, Passenger Car Units | B60: =B58*B59 -> 0 | C60: =C58*C59 -> 91 | D60: =D58*D59 -> 67 | E60: =E58*E59 -> 45 | F60: =F58*F59 -> 51 | G60: =G58*G59 -> 10 | H60: =H58*H59 -> 8 | I60: =I58*I59 -> 5 | ... M60: =M58*M59 -> 0 | N60: =SUM(B60:M60) -> 299

Sheet 11-12PM
A1: 11:00 AM-12:00 NOON
A3: ='7-8AM'!A3 -> ROAD: JN A8 MAILI TISA-KITALE (B14) ROAD
A5: ='7-8AM'!A5 -> SITE: JN A8 MAILI TISA-KITALE (B14) ROAD
A6: ='7-8AM'!A6 -> PROJECT: PROPOSED FUEL SERVICE STATION
A7: ='7-8AM'!A7 -> C/O: GIDEON KAGO KARIUKI
A9: TRAFFIC VOLUME COUNTS DATA (RAW DATA)
A10: 15 MINUTES VOLUMES
A12: TIME | B12: Motorcycle/Tuktuk | C12: Cars(<=5seats) | D12: Large Cars,4WD,SUVs | E12: Pickups/Vans | F12: Minibus/Matatus(<=14seat | G12: Small bus(14-33seat) | H12: Large bus(>33seat) | I12: Light Trucks(2axles) | J12: Medium Trucks(2axle,Double rear wheel) | K12: Heavy Trucks(3, 4 axles) | L12: Artics/draw-bar trucks | M12: Others (e.g tractors) | N12: TOTALS
A13: 11:00-11:15
A14: ='7-8AM'!A14 -> Maili Tisa Bound | B14: 15 | C14: 14 | D14: 17 | E14: 8 | F14: 6 | G14: 1 | H14: 0 | I14: 0 | J14: 0 | K14: 1 | L14: 0 | M14: 0 | N14: =SUM(B14:M14) -> 62
A15: ='7-8AM'!A15 -> Kitale Bound | B15: 12 | C15: 15 | D15: 7 | E15: 2 | F15: 8 | G15: 0 | H15: 2 | I15: 2 | J15: 1 | K15: 0 | L15: 0 | M15: 0 | N15: =SUM(B15:M15) -> 49
A16: VEHICLES | B16: =SUM(B14:B15) -> 27 | C16: =SUM(C14:C15) -> 29 | D16: =SUM(D14:D15) -> 24 | E16: =SUM(E14:E15) -> 10 | F16: =SUM(F14:F15) -> 14 | G16: =SUM(G14:G15) -> 1 | H16: =SUM(H14:H15) -> 2 | I16: =SUM(I14:I15) -> 2 | ... M16: =SUM(M14:M15) -> 0 | N16: =SUM(B16:M16) -> 111
A17: Conversion Factor | B17: 0 | C17: 1 | D17: 1 | E17: 1 | F17: 1 | G17: 1 | H17: 2 | I17: 1 | J17: 1 | K17: 2 | L17: 2 | M17: 1
A18: PCUs, Passenger Car Units | B18: =B16*B17 -> 0 | C18: =C16*C17 -> 29 | D18: =D16*D17 -> 24 | E18: =E16*E17 -> 10 | F18: =F16*F17 -> 14 | G18: =G16*G17 -> 1 | H18: =H16*H17 -> 4 | I18: =I16*I17 -> 2 | ... M18: =M16*M17 -> 0 | N18: =SUM(B18:M18) -> 87
A22: TIME | B22: Motorcycle/Tuktuk | C22: Cars(<=5seats) | D22: Large Cars,4WD,SUVs | E22: Pickups/Vans | F22: Minibus/Matatus(<=14seat | G22: Small bus(14-33seat) | H22: Large bus(>33seat) | I22: Light Trucks(2axles) | J22: Medium Trucks(2axle,Double rear wheel) | K22: Heavy Trucks(3, 4 axles) | L22: Artics/draw-bar trucks | M22: Others (e.g tractors) | N22: TOTALS
A23: 11:15-11:30
A24: ='7-8AM'!A24 -> Maili Tisa Bound | B24: 15 | C24: 15 | D24: 7 | E24: 5 | F24: 2 | G24: 2 | H24: 0 | I24: 1 | J24: 2 | K24: 0 | L24: 0 | M24: 0 | N24: =SUM(B24:M24) -> 49
A25: ='7-8AM'!A25 -> Kitale Bound | B25: 16 | C25: 20 | D25: 9 | E25: 4 | F25: 6 | G25: 0 | H25: 0 | I25: 0 | J25: 1 | K25: 1 | L25: 1 | M25: 0 | N25: =SUM(B25:M25) -> 58
A26: VEHICLES | B26: =SUM(B24:B25) -> 31 | C26: =SUM(C24:C25) -> 35 | D26: =SUM(D24:D25) -> 16 | E26: =SUM(E24:E25) -> 9 | F26: =SUM(F24:F25) -> 8 | G26: =SUM(G24:G25) -> 2 | H26: =SUM(H24:H25) -> 0 | I26: =SUM(I24:I25) -> 1 | ... M26: =SUM(M24:M25) -> 0 | N26: =SUM(B26:M26) -> 107
A27: Conversion Factor | B27: 0 | C27: 1 | D27: 1 | E27: 1 | F27: 1 | G27: 1 | H27: 2 | I27: 1 | J27: 1 | K27: 2 | L27: 2 | M27: 1
A28: PCUs, Passenger Car Units | B28: =B26*B27 -> 0 | C28: =C26*C27 -> 35 | D28: =D26*D27 -> 16 | E28: =E26*E27 -> 9 | F28: =F26*F27 -> 8 | G28: =G26*G27 -> 2 | H28: =H26*H27 -> 0 | I28: =I26*I27 -> 1 | ... M28: =M26*M27 -> 0 | N28: =SUM(B28:M28) -> 78
A32: TIME | B32: Motorcycle/Tuktuk | C32: Cars(<=5seats) | D32: Large Cars,4WD,SUVs | E32: Pickups/Vans | F32: Minibus/Matatus(<=14seat | G32: Small bus(14-33seat) | H32: Large bus(>33seat) | I32: Light Trucks(2axles) | J32: Medium Trucks(2axle,Double rear wheel) | K32: Heavy Trucks(3, 4 axles) | L32: Artics/draw-bar trucks | M32: Others (e.g tractors) | N32: TOTALS
A33: 11:30-11:45
A34: ='7-8AM'!A34 -> Maili Tisa Bound | B34: 20 | C34: 23 | D34: 13 | E34: 7 | F34: 8 | G34: 0 | H34: 0 | I34: 4 | J34: 9 | K34: 3 | L34: 1 | M34: 1 | N34: =SUM(B34:M34) -> 89
A35: ='7-8AM'!A35 -> Kitale Bound | B35: 12 | C35: 14 | D35: 4 | E35: 6 | F35: 6 | G35: 0 | H35: 1 | I35: 0 | J35: 2 | K35: 1 | L35: 0 | M35: 0 | N35: =SUM(B35:M35) -> 46
A36: VEHICLES | B36: =SUM(B34:B35) -> 32 | C36: =SUM(C34:C35) -> 37 | D36: =SUM(D34:D35) -> 17 | E36: =SUM(E34:E35) -> 13 | F36: =SUM(F34:F35) -> 14 | G36: =SUM(G34:G35) -> 0 | H36: =SUM(H34:H35) -> 1 | I36: =SUM(I34:I35) -> 4 | ... M36: =SUM(M34:M35) -> 1 | N36: =SUM(B36:M36) -> 135
A37: Conversion Factor | B37: 0 | C37: 1 | D37: 1 | E37: 1 | F37: 1 | G37: 1 | H37: 2 | I37: 1 | J37: 1 | K37: 2 | L37: 2 | M37: 1
A38: PCUs, Passenger Car Units | B38: =B36*B37 -> 0 | C38: =C36*C37 -> 37 | D38: =D36*D37 -> 17 | E38: =E36*E37 -> 13 | F38: =F36*F37 -> 14 | G38: =G36*G37 -> 0 | H38: =H36*H37 -> 2 | I38: =I36*I37 -> 4 | ... M38: =M36*M37 -> 1 | N38: =SUM(B38:M38) -> 109
A42: TIME | B42: Motorcycle/Tuktuk | C42: Cars(<=5seats) | D42: Large Cars,4WD,SUVs | E42: Pickups/Vans | F42: Minibus/Matatus(<=14seat | G42: Small bus(14-33seat) | H42: Large bus(>33seat) | I42: Light Trucks(2axles) | J42: Medium Trucks(2axle,Double rear wheel) | K42: Heavy Trucks(3, 4 axles) | L42: Artics/draw-bar trucks | M42: Others (e.g tractors) | N42: TOTALS
A43: 11:45-12:00
A44: ='7-8AM'!A44 -> Maili Tisa Bound | B44: 16 | C44: 9 | D44: 5 | E44: 3 | F44: 4 | G44: 1 | H44: 0 | I44: 0 | J44: 1 | K44: 4 | L44: 0 | M44: 0 | N44: =SUM(B44:M44) -> 43
A45: ='7-8AM'!A45 -> Kitale Bound | B45: 9 | C45: 9 | D45: 12 | E45: 6 | F45: 8 | G45: 3 | H45: 2 | I45: 1 | J45: 1 | K45: 1 | L45: 0 | M45: 0 | N45: =SUM(B45:M45) -> 52
A46: VEHICLES | B46: =SUM(B44:B45) -> 25 | C46: 4 | D46: 1 | E46: =SUM(E44:E45) -> 9 | F46: =SUM(F44:F45) -> 12 | G46: =SUM(G44:G45) -> 4 | H46: =SUM(H44:H45) -> 2 | I46: =SUM(I44:I45) -> 1 | J46: =SUM(J44:J45) -> 2 | K46: =SUM(K44:K45) -> 5 | L46: =SUM(L44:L45) -> 0 | M46: =SUM(M44:M45) -> 0 | N46: =SUM(B46:M46) -> 65
A47: Conversion Factor | B47: 0 | C47: 1 | D47: 1 | E47: 1 | F47: 1 | G47: 1 | H47: 2 | I47: 1 | J47: 1 | K47: 2 | L47: 2 | M47: 1
A48: PCUs, Passenger Car Units | B48: =B46*B47 -> 0 | C48: =C46*C47 -> 4 | D48: =D46*D47 -> 1 | E48: =E46*E47 -> 9 | F48: =F46*F47 -> 12 | G48: =G46*G47 -> 4 | H48: =H46*H47 -> 4 | I48: =I46*I47 -> 1 | ... M48: =M46*M47 -> 0 | N48: =SUM(B48:M48) -> 47
A52: HOURLY (1HR) SUMMARY
A54: TIME | B54: Motorcycle/Tuktuk | C54: Cars(<=5seats) | D54: Large Cars,4WD,SUVs | E54: Pickups/Vans | F54: Minibus/Matatus(<=14seat | G54: Small bus(14-33seat) | H54: Large bus(>33seat) | I54: Light Trucks(2axles) | J54: Medium Trucks(2axle,Double rear wheel) | K54: Heavy Trucks(3, 4 axles) | L54: Artics/draw-bar trucks | M54: Others (e.g tractors) | N54: TOTALS
A55: 11 AM to 12 PM
A56: ='7-8AM'!A56 -> Maili Tisa Bound | B56: =(B14+B24+B34+B44) -> 66 | C56: =(C14+C24+C34+C44) -> 61 | D56: =(D14+D24+D34+D44) -> 42 | E56: =(E14+E24+E34+E44) -> 23 | F56: =(F14+F24+F34+F44) -> 20 | G56: =(G14+G24+G34+G44) -> 4 | H56: =(H14+H24+H34+H44) -> 0 | I56: =(I14+I24+I34+I44) -> 5 | ... M56: =(M14+M24+M34+M44) -> 1 | N56: =SUM(B56:M56) -> 243
A57: ='7-8AM'!A57 -> Kitale Bound | B57: =(B15+B25+B35+B45) -> 49 | C57: =(C15+C25+C35+C45) -> 58 | D57: =(D15+D25+D35+D45) -> 32 | E57: =(E15+E25+E35+E45) -> 18 | F57: =(F15+F25+F35+F45) -> 28 | G57: =(G15+G25+G35+G45) -> 3 | H57: =(H15+H25+H35+H45) -> 5 | I57: =(I15+I25+I35+I45) -> 3 | ... M57: =(M15+M25+M35+M45) -> 0 | N57: =SUM(B57:M57) -> 205
A58: VEHICLES | B58: =SUM(B56:B57) -> 115 | C58: =SUM(C56:C57) -> 119 | D58: =SUM(D56:D57) -> 74 | E58: =SUM(E56:E57) -> 41 | F58: =SUM(F56:F57) -> 48 | G58: =SUM(G56:G57) -> 7 | H58: =SUM(H56:H57) -> 5 | I58: =SUM(I56:I57) -> 8 | ... M58: =SUM(M56:M57) -> 1 | N58: =SUM(B58:M58) -> 448
A59: Conversion Factor | B59: 0 | C59: 1 | D59: 1 | E59: 1 | F59: 1 | G59: 1 | H59: 2 | I59: 1 | J59: 1 | K59: 2 | L59: 2 | M59: 1
A60: PCUs, Passenger Car Units | B60: =B58*B59 -> 0 | C60: =C58*C59 -> 119 | D60: =D58*D59 -> 74 | E60: =E58*E59 -> 41 | F60: =F58*F59 -> 48 | G60: =G58*G59 -> 7 | H60: =H58*H59 -> 10 | I60: =I58*I59 -> 8 | ... M60: =M58*M59 -> 1 | N60: =SUM(B60:M60) -> 351

Sheet 12-1PM
A1: 12:00 AM-1:00 PM
A3: ='7-8AM'!A3 -> ROAD: JN A8 MAILI TISA-KITALE (B14) ROAD
A5: ='7-8AM'!A5 -> SITE: JN A8 MAILI TISA-KITALE (B14) ROAD
A6: ='7-8AM'!A6 -> PROJECT: PROPOSED FUEL SERVICE STATION
A7: ='7-8AM'!A7 -> C/O: GIDEON KAGO KARIUKI
A9: TRAFFIC VOLUME COUNTS DATA (RAW DATA)
A10: 15 MINUTES VOLUMES
A12: TIME | B12: Motorcycle/Tuktuk | C12: Cars(<=5seats) | D12: Large Cars,4WD,SUVs | E12: Pickups/Vans | F12: Minibus/Matatus(<=14seat | G12: Small bus(14-33seat) | H12: Large bus(>33seat) | I12: Light Trucks(2axles) | J12: Medium Trucks(2axle,Double rear wheel) | K12: Heavy Trucks(3, 4 axles) | L12: Artics/draw-bar trucks | M12: Others (e.g tractors) | N12: TOTALS
A13: 12:00-12:15
A14: ='7-8AM'!A14 -> Maili Tisa Bound | B14: 14 | C14: 18 | D14: 14 | E14: 7 | F14: 6 | G14: 1 | H14: 1 | I14: 2 | J14: 1 | K14: 1 | L14: 1 | M14: 1 | N14: =SUM(B14:M14) -> 67
A15: ='7-8AM'!A15 -> Kitale Bound | B15: 16 | C15: 14 | D15: 9 | E15: 4 | F15: 9 | G15: 0 | H15: 1 | I15: 1 | J15: 3 | K15: 0 | L15: 0 | M15: 0 | N15: =SUM(B15:M15) -> 57
A16: VEHICLES | B16: =SUM(B14:B15) -> 30 | C16: =SUM(C14:C15) -> 32 | D16: =SUM(D14:D15) -> 23 | E16: =SUM(E14:E15) -> 11 | F16: =SUM(F14:F15) -> 15 | G16: =SUM(G14:G15) -> 1 | H16: =SUM(H14:H15) -> 2 | I16: =SUM(I14:I15) -> 3 | ... M16: =SUM(M14:M15) -> 1 | N16: =SUM(B16:M16) -> 124
A17: Conversion Factor | B17: 0 | C17: 1 | D17: 1 | E17: 1 | F17: 1 | G17: 1 | H17: 2 | I17: 1 | J17: 1 | K17: 2 | L17: 2 | M17: 1
A18: PCUs, Passenger Car Units | B18: =B16*B17 -> 0 | C18: =C16*C17 -> 32 | D18: =D16*D17 -> 23 | E18: =E16*E17 -> 11 | F18: =F16*F17 -> 15 | G18: =G16*G17 -> 1 | H18: =H16*H17 -> 4 | I18: =I16*I17 -> 3 | ... M18: =M16*M17 -> 1 | N18: =SUM(B18:M18) -> 98
A22: TIME | B22: Motorcycle/Tuktuk | C22: Cars(<=5seats) | D22: Large Cars,4WD,SUVs | E22: Pickups/Vans | F22: Minibus/Matatus(<=14seat | G22: Small bus(14-33seat) | H22: Large bus(>33seat) | I22: Light Trucks(2axles) | J22: Medium Trucks(2axle,Double rear wheel) | K22: Heavy Trucks(3, 4 axles) | L22: Artics/draw-bar trucks | M22: Others (e.g tractors) | N22: TOTALS
A23: 12:15-12:30
A24: ='7-8AM'!A24 -> Maili Tisa Bound | B24: 17 | C24: 12 | D24: 9 | E24: 2 | F24: 7 | G24: 0 | H24: 0 | I24: 1 | J24: 1 | K24: 1 | L24: 0 | M24: 0 | N24: =SUM(B24:M24) -> 50
A25: ='7-8AM'!A25 -> Kitale Bound | B25: 13 | C25: 14 | D25: 6 | E25: 5 | F25: 6 | G25: 1 | H25: 0 | I25: 1 | J25: 1 | K25: 1 | L25: 0 | M25: 0 | N25: =SUM(B25:M25) -> 48
A26: VEHICLES | B26: =SUM(B24:B25) -> 30 | C26: =SUM(C24:C25) -> 26 | D26: =SUM(D24:D25) -> 15 | E26: =SUM(E24:E25) -> 7 | F26: =SUM(F24:F25) -> 13 | G26: =SUM(G24:G25) -> 1 | H26: =SUM(H24:H25) -> 0 | I26: =SUM(I24:I25) -> 2 | ... M26: =SUM(M24:M25) -> 0 | N26: =SUM(B26:M26) -> 98
A27: Conversion Factor | B27: 0 | C27: 1 | D27: 1 | E27: 1 | F27: 1 | G27: 1 | H27: 2 | I27: 1 | J27: 1 | K27: 2 | L27: 2 | M27: 1
A28: PCUs, Passenger Car Units | B28: =B26*B27 -> 0 | C28: =C26*C27 -> 26 | D28: =D26*D27 -> 15 | E28: =E26*E27 -> 7 | F28: =F26*F27 -> 13 | G28: =G26*G27 -> 1 | H28: =H26*H27 -> 0 | I28: =I26*I27 -> 2 | ... M28: =M26*M27 -> 0 | N28: =SUM(B28:M28) -> 70
A32: TIME | B32: Motorcycle/Tuktuk | C32: Cars(<=5seats) | D32: Large Cars,4WD,SUVs | E32: Pickups/Vans | F32: Minibus/Matatus(<=14seat | G32: Small bus(14-33seat) | H32: Large bus(>33seat) | I32: Light Trucks(2axles) | J32: Medium Trucks(2axle,Double rear wheel) | K32: Heavy Trucks(3, 4 axles) | L32: Artics/draw-bar trucks | M32: Others (e.g tractors) | N32: TOTALS
A33: 12:30-12:45
A34: ='7-8AM'!A34 -> Maili Tisa Bound | B34: 18 | C34: 14 | D34: 3 | E34: 4 | F34: 7 | G34: 4 | H34: 1 | I34: 0 | J34: 2 | K34: 1 | L34: 0 | M34: 0 | N34: =SUM(B34:M34) -> 54
A35: ='7-8AM'!A35 -> Kitale Bound | B35: 11 | C35: 16 | D35: 6 | E35: 4 | F35: 7 | G35: 0 | H35: 0 | I35: 0 | J35: 4 | K35: 0 | L35: 1 | M35: 0 | N35: =SUM(B35:M35) -> 49
A36: VEHICLES | B36: 12 | C36: 1 | D36: 4 | E36: 3 | F36: 0 | G36: 0 | H36: =SUM(H34:H35) -> 1 | I36: =SUM(I34:I35) -> 0 | J36: =SUM(J34:J35) -> 6 | K36: =SUM(K34:K35) -> 1 | L36: =SUM(L34:L35) -> 1 | M36: =SUM(M34:M35) -> 0 | N36: =SUM(B36:M36) -> 29
A37: Conversion Factor | B37: 0 | C37: 1 | D37: 1 | E37: 1 | F37: 1 | G37: 1 | H37: 2 | I37: 1 | J37: 1 | K37: 2 | L37: 2 | M37: 1
A38: PCUs, Passenger Car Units | B38: =B36*B37 -> 0 | C38: =C36*C37 -> 1 | D38: =D36*D37 -> 4 | E38: =E36*E37 -> 3 | F38: =F36*F37 -> 0 | G38: =G36*G37 -> 0 | H38: =H36*H37 -> 2 | I38: =I36*I37 -> 0 | ... M38: =M36*M37 -> 0 | N38: =SUM(B38:M38) -> 20
A42: TIME | B42: Motorcycle/Tuktuk | C42: Cars(<=5seats) | D42: Large Cars,4WD,SUVs | E42: Pickups/Vans | F42: Minibus/Matatus(<=14seat | G42: Small bus(14-33seat) | H42: Large bus(>33seat) | I42: Light Trucks(2axles) | J42: Medium Trucks(2axle,Double rear wheel) | K42: Heavy Trucks(3, 4 axles) | L42: Artics/draw-bar trucks | M42: Others (e.g tractors) | N42: TOTALS
A43: 12:45-1:00
A44: ='7-8AM'!A44 -> Maili Tisa Bound | B44: 15 | C44: 14 | D44: 7 | E44: 4 | F44: 6 | G44: 0 | H44: 0 | I44: 1 | J44: 4 | K44: 1 | L44: 0 | M44: 0 | N44: =SUM(B44:M44) -> 52
A45: ='7-8AM'!A45 -> Kitale Bound | B45: 9 | C45: 20 | D45: 13 | E45: 4 | F45: 9 | G45: 0 | H45: 3 | I45: 1 | J45: 3 | K45: 0 | L45: 1 | M45: 1 | N45: =SUM(B45:M45) -> 64
A46: VEHICLES | B46: =SUM(B44:B45) -> 24 | C46: =SUM(C44:C45) -> 34 | D46: =SUM(D44:D45) -> 20 | E46: =SUM(E44:E45) -> 8 | F46: =SUM(F44:F45) -> 15 | G46: =SUM(G44:G45) -> 0 | H46: =SUM(H44:H45) -> 3 | I46: =SUM(I44:I45) -> 2 | ... M46: =SUM(M44:M45) -> 1 | N46: =SUM(B46:M46) -> 116
A47: Conversion Factor | B47: 0 | C47: 1 | D47: 1 | E47: 1 | F47: 1 | G47: 1 | H47: 2 | I47: 1 | J47: 1 | K47: 2 | L47: 2 | M47: 1
A48: PCUs, Passenger Car Units | B48: =B46*B47 -> 0 | C48: =C46*C47 -> 34 | D48: =D46*D47 -> 20 | E48: =E46*E47 -> 8 | F48: =F46*F47 -> 15 | G48: =G46*G47 -> 0 | H48: =H46*H47 -> 6 | I48: =I46*I47 -> 2 | ... M48: =M46*M47 -> 1 | N48: =SUM(B48:M48) -> 97
A52: HOURLY (1HR) SUMMARY
A54: TIME | B54: Motorcycle/Tuktuk | C54: Cars(<=5seats) | D54: Large Cars,4WD,SUVs | E54: Pickups/Vans | F54: Minibus/Matatus(<=14seat | G54: Small bus(14-33seat) | H54: Large bus(>33seat) | I54: Light Trucks(2axles) | J54: Medium Trucks(2axle,Double rear wheel) | K54: Heavy Trucks(3, 4 axles) | L54: Artics/draw-bar trucks | M54: Others (e.g tractors) | N54: TOTALS
A55: 12PM to 01 PM
A56: ='7-8AM'!A56 -> Maili Tisa Bound | B56: =(B14+B24+B34+B44) -> 64 | C56: =(C14+C24+C34+C44) -> 58 | D56: =(D14+D24+D34+D44) -> 33 | E56: =(E14+E24+E34+E44) -> 17 | F56: =(F14+F24+F34+F44) -> 26 | G56: =(G14+G24+G34+G44) -> 5 | H56: =(H14+H24+H34+H44) -> 2 | I56: =(I14+I24+I34+I44) -> 4 | ... M56: =(M14+M24+M34+M44) -> 1 | N56: =SUM(B56:M56) -> 223
A57: ='7-8AM'!A57 -> Kitale Bound | B57: =(B15+B25+B35+B45) -> 49 | C57: =(C15+C25+C35+C45) -> 64 | D57: =(D15+D25+D35+D45) -> 34 | E57: =(E15+E25+E35+E45) -> 17 | F57: =(F15+F25+F35+F45) -> 31 | G57: =(G15+G25+G35+G45) -> 1 | H57: =(H15+H25+H35+H45) -> 4 | I57: =(I15+I25+I35+I45) -> 3 | ... M57: =(M15+M25+M35+M45) -> 1 | N57: =SUM(B57:M57) -> 218
A58: VEHICLES | B58: =SUM(B56:B57) -> 113 | C58: =SUM(C56:C57) -> 122 | D58: =SUM(D56:D57) -> 67 | E58: =SUM(E56:E57) -> 34 | F58: =SUM(F56:F57) -> 57 | G58: =SUM(G56:G57) -> 6 | H58: =SUM(H56:H57) -> 6 | I58: =SUM(I56:I57) -> 7 | ... M58: =SUM(M56:M57) -> 2 | N58: =SUM(B58:M58) -> 441
A59: Conversion Factor | B59: 0 | C59: 1 | D59: 1 | E59: 1 | F59: 1 | G59: 1 | H59: 2 | I59: 1 | J59: 1 | K59: 2 | L59: 2 | M59: 1
A60: PCUs, Passenger Car Units | B60: =B58*B59 -> 0 | C60: =C58*C59 -> 122 | D60: =D58*D59 -> 67 | E60: =E58*E59 -> 34 | F60: =F58*F59 -> 57 | G60: =G58*G59 -> 6 | H60: =H58*H59 -> 12 | I60: =I58*I59 -> 7 | ... M60: =M58*M59 -> 2 | N60: =SUM(B60:M60) -> 342

Sheet 1-2PM
A1: 01:00PM - 02:00PM
A3: ='7-8AM'!A3 -> ROAD: JN A8 MAILI TISA-KITALE (B14) ROAD
A5: ='7-8AM'!A5 -> SITE: JN A8 MAILI TISA-KITALE (B14) ROAD
A6: ='7-8AM'!A6 -> PROJECT: PROPOSED FUEL SERVICE STATION
A7: ='7-8AM'!A7 -> C/O: GIDEON KAGO KARIUKI
A9: TRAFFIC VOLUME COUNTS DATA (RAW DATA)
A10: 15 MINUTES VOLUMES
A12: TIME | B12: Motorcycle/Tuktuk | C12: Cars(<=5seats) | D12: Large Cars,4WD,SUVs | E12: Pickups/Vans | F12: Minibus/Matatus(<=14seat | G12: Small bus(14-33seat) | H12: Large bus(>33seat) | I12: Light Trucks(2axles) | J12: Medium Trucks(2axle,Double rear wheel) | K12: Heavy Trucks(3, 4 axles) | L12: Artics/draw-bar trucks | M12: Others (e.g tractors) | N12: TOTALS
A13: 1:00-1:15
A14: ='7-8AM'!A14 -> Maili Tisa Bound | B14: 8 | C14: 15 | D14: 9 | E14: 4 | F14: 8 | G14: 0 | H14: 0 | I14: 0 | J14: 4 | K14: 0 | L14: 0 | M14: 1 | N14: =SUM(B14:M14) -> 49
A15: ='7-8AM'!A15 -> Kitale Bound | B15: 19 | C15: 20 | D15: 11 | E15: 7 | F15: 4 | G15: 1 | H15: 1 | I15: 0 | J15: 4 | K15: 1 | L15: 0 | M15: 0 | N15: =SUM(B15:M15) -> 68
A16: VEHICLES | B16: =SUM(B14:B15) -> 27 | C16: =SUM(C14:C15) -> 35 | D16: =SUM(D14:D15) -> 20 | E16: =SUM(E14:E15) -> 11 | F16: =SUM(F14:F15) -> 12 | G16: =SUM(G14:G15) -> 1 | H16: =SUM(H14:H15) -> 1 | I16: =SUM(I14:I15) -> 0 | ... M16: =SUM(M14:M15) -> 1 | N16: =SUM(B16:M16) -> 117
A17: Conversion Factor | B17: 0 | C17: 1 | D17: 1 | E17: 1 | F17: 1 | G17: 1 | H17: 2 | I17: 1 | J17: 1 | K17: 2 | L17: 2 | M17: 1
A18: PCUs, Passenger Car Units | B18: =B16*B17 -> 0 | C18: =C16*C17 -> 35 | D18: =D16*D17 -> 20 | E18: =E16*E17 -> 11 | F18: =F16*F17 -> 12 | G18: =G16*G17 -> 1 | H18: =H16*H17 -> 2 | I18: =I16*I17 -> 0 | ... M18: =M16*M17 -> 1 | N18: =SUM(B18:M18) -> 92
A22: TIME | B22: Motorcycle/Tuktuk | C22: Cars(<=5seats) | D22: Large Cars,4WD,SUVs | E22: Pickups/Vans | F22: Minibus/Matatus(<=14seat | G22: Small bus(14-33seat) | H22: Large bus(>33seat) | I22: Light Trucks(2axles) | J22: Medium Trucks(2axle,Double rear wheel) | K22: Heavy Trucks(3, 4 axles) | L22: Artics/draw-bar trucks | M22: Others (e.g tractors) | N22: TOTALS
A23: 1:15-1:30
A24: ='7-8AM'!A24 -> Maili Tisa Bound | B24: 16 | C24: 8 | D24: 12 | E24: 9 | F24: 4 | G24: 0 | H24: 0 | I24: 0 | J24: 4 | K24: 1 | L24: 0 | M24: 1 | N24: =SUM(B24:M24) -> 55
A25: ='7-8AM'!A25 -> Kitale Bound | B25: 21 | C25: 22 | D25: 6 | E25: 1 | F25: 8 | G25: 0 | H25: 0 | I25: 0 | J25: 4 | K25: 1 | L25: 1 | M25: 0 | N25: =SUM(B25:M25) -> 64
A26: VEHICLES | B26: =SUM(B24:B25) -> 37 | C26: =SUM(C24:C25) -> 30 | D26: =SUM(D24:D25) -> 18 | E26: =SUM(E24:E25) -> 10 | F26: =SUM(F24:F25) -> 12 | G26: =SUM(G24:G25) -> 0 | H26: =SUM(H24:H25) -> 0 | I26: =SUM(I24:I25) -> 0 | ... M26: =SUM(M24:M25) -> 1 | N26: =SUM(B26:M26) -> 119
A27: Conversion Factor | B27: 0 | C27: 1 | D27: 1 | E27: 1 | F27: 1 | G27: 1 | H27: 2 | I27: 1 | J27: 1 | K27: 2 | L27: 2 | M27: 1
A28: PCUs, Passenger Car Units | B28: =B26*B27 -> 0 | C28: =C26*C27 -> 30 | D28: =D26*D27 -> 18 | E28: =E26*E27 -> 10 | F28: =F26*F27 -> 12 | G28: =G26*G27 -> 0 | H28: =H26*H27 -> 0 | I28: =I26*I27 -> 0 | ... M28: =M26*M27 -> 1 | N28: =SUM(B28:M28) -> 85
A32: TIME | B32: Motorcycle/Tuktuk | C32: Cars(<=5seats) | D32: Large Cars,4WD,SUVs | E32: Pickups/Vans | F32: Minibus/Matatus(<=14seat | G32: Small bus(14-33seat) | H32: Large bus(>33seat) | I32: Light Trucks(2axles) | J32: Medium Trucks(2axle,Double rear wheel) | K32: Heavy Trucks(3, 4 axles) | L32: Artics/draw-bar trucks | M32: Others (e.g tractors) | N32: TOTALS
A33: 1:30-1:45
A34: ='7-8AM'!A34 -> Maili Tisa Bound | B34: 19 | C34: 12 | D34: 4 | E34: 3 | F34: 4 | G34: 1 | H34: 1 | I34: 0 | J34: 5 | K34: 1 | L34: 1 | M34: 0 | N34: =SUM(B34:M34) -> 51
A35: ='7-8AM'!A35 -> Kitale Bound | B35: 13 | C35: 14 | D35: 4 | E35: 2 | F35: 8 | G35: 1 | H35: 0 | I35: 0 | J35: 3 | K35: 0 | L35: 0 | M35: 0 | N35: =SUM(B35:M35) -> 45
A36: VEHICLES | B36: =SUM(B34:B35) -> 32 | C36: =SUM(C34:C35) -> 26 | D36: =SUM(D34:D35) -> 8 | E36: =SUM(E34:E35) -> 5 | F36: =SUM(F34:F35) -> 12 | G36: =SUM(G34:G35) -> 2 | H36: =SUM(H34:H35) -> 1 | I36: =SUM(I34:I35) -> 0 | ... M36: =SUM(M34:M35) -> 0 | N36: =SUM(B36:M36) -> 96
A37: Conversion Factor | B37: 0 | C37: 1 | D37: 1 | E37: 1 | F37: 1 | G37: 1 | H37: 2 | I37: 1 | J37: 1 | K37: 2 | L37: 2 | M37: 1
A38: PCUs, Passenger Car Units | B38: =B36*B37 -> 0 | C38: =C36*C37 -> 26 | D38: =D36*D37 -> 8 | E38: =E36*E37 -> 5 | F38: =F36*F37 -> 12 | G38: =G36*G37 -> 2 | H38: =H36*H37 -> 2 | I38: =I36*I37 -> 0 | ... M38: =M36*M37 -> 0 | N38: =SUM(B38:M38) -> 67
A42: TIME | B42: Motorcycle/Tuktuk | C42: Cars(<=5seats) | D42: Large Cars,4WD,SUVs | E42: Pickups/Vans | F42: Minibus/Matatus(<=14seat | G42: Small bus(14-33seat) | H42: Large bus(>33seat) | I42: Light Trucks(2axles) | J42: Medium Trucks(2axle,Double rear wheel) | K42: Heavy Trucks(3, 4 axles) | L42: Artics/draw-bar trucks | M42: Others (e.g tractors) | N42: TOTALS
A43: 1:45-2:00
A44: ='7-8AM'!A44 -> Maili Tisa Bound | B44: 16 | C44: 15 | D44: 3 | E44: 3 | F44: 9 | G44: 2 | H44: 1 | I44: 0 | J44: 1 | K44: 1 | L44: 0 | M44: 0 | N44: =SUM(B44:M44) -> 51
A45: ='7-8AM'!A45 -> Kitale Bound | B45: 22 | C45: 20 | D45: 7 | E45: 5 | F45: 7 | G45: 0 | H45: 0 | I45: 0 | J45: 3 | K45: 0 | L45: 0 | M45: 0 | N45: =SUM(B45:M45) -> 64
A46: VEHICLES | B46: =SUM(B44:B45) -> 38 | C46: =SUM(C44:C45) -> 35 | D46: =SUM(D44:D45) -> 10 | E46: =SUM(E44:E45) -> 8 | F46: =SUM(F44:F45) -> 16 | G46: =SUM(G44:G45) -> 2 | H46: =SUM(H44:H45) -> 1 | I46: =SUM(I44:I45) -> 0 | ... M46: =SUM(M44:M45) -> 0 | N46: =SUM(B46:M46) -> 115
A47: Conversion Factor | B47: 0 | C47: 1 | D47: 1 | E47: 1 | F47: 1 | G47: 1 | H47: 2 | I47: 1 | J47: 1 | K47: 2 | L47: 2 | M47: 1
A48: PCUs, Passenger Car Units | B48: =B46*B47 -> 0 | C48: =C46*C47 -> 35 | D48: =D46*D47 -> 10 | E48: =E46*E47 -> 8 | F48: =F46*F47 -> 16 | G48: =G46*G47 -> 2 | H48: =H46*H47 -> 2 | I48: =I46*I47 -> 0 | ... M48: =M46*M47 -> 0 | N48: =SUM(B48:M48) -> 79
A52: HOURLY (1HR) SUMMARY
A54: TIME | B54: Motorcycle/Tuktuk | C54: Cars(<=5seats) | D54: Large Cars,4WD,SUVs | E54: Pickups/Vans | F54: Minibus/Matatus(<=14seat | G54: Small bus(14-33seat) | H54: Large bus(>33seat) | I54: Light Trucks(2axles) | J54: Medium Trucks(2axle,Double rear wheel) | K54: Heavy Trucks(3, 4 axles) | L54: Artics/draw-bar trucks | M54: Others (e.g tractors) | N54: TOTALS
A55: 01 PM to 02 PM
A56: ='7-8AM'!A56 -> Maili Tisa Bound | B56: =(B14+B24+B34+B44) -> 59 | C56: =(C14+C24+C34+C44) -> 50 | D56: =(D14+D24+D34+D44) -> 28 | E56: =(E14+E24+E34+E44) -> 19 | F56: =(F14+F24+F34+F44) -> 25 | G56: =(G14+G24+G34+G44) -> 3 | H56: =(H14+H24+H34+H44) -> 2 | I56: =(I14+I24+I34+I44) -> 0 | ... M56: =(M14+M24+M34+M44) -> 2 | N56: =SUM(B56:M56) -> 206
A57: ='7-8AM'!A57 -> Kitale Bound | B57: =(B15+B25+B35+B45) -> 75 | C57: =(C15+C25+C35+C45) -> 76 | D57: =(D15+D25+D35+D45) -> 28 | E57: =(E15+E25+E35+E45) -> 15 | F57: =(F15+F25+F35+F45) -> 27 | G57: =(G15+G25+G35+G45) -> 2 | H57: =(H15+H25+H35+H45) -> 1 | I57: =(I15+I25+I35+I45) -> 0 | ... M57: =(M15+M25+M35+M45) -> 0 | N57: =SUM(B57:M57) -> 241
A58: VEHICLES | B58: =SUM(B56:B57) -> 134 | C58: =SUM(C56:C57) -> 126 | D58: =SUM(D56:D57) -> 56 | E58: =SUM(E56:E57) -> 34 | F58: =SUM(F56:F57) -> 52 | G58: =SUM(G56:G57) -> 5 | H58: =SUM(H56:H57) -> 3 | I58: =SUM(I56:I57) -> 0 | ... M58: =SUM(M56:M57) -> 2 | N58: =SUM(B58:M58) -> 447
A59: Conversion Factor | B59: 0 | C59: 1 | D59: 1 | E59: 1 | F59: 1 | G59: 1 | H59: 2 | I59: 1 | J59: 1 | K59: 2 | L59: 2 | M59: 1
A60: PCUs, Passenger Car Units | B60: =B58*B59 -> 0 | C60: =C58*C59 -> 126 | D60: =D58*D59 -> 56 | E60: =E58*E59 -> 34 | F60: =F58*F59 -> 52 | G60: =G58*G59 -> 5 | H60: =H58*H59 -> 6 | I60: =I58*I59 -> 0 | ... M60: =M58*M59 -> 2 | N60: =SUM(B60:M60) -> 323

Sheet 2-3PM
A1: 02:00PM - 03:00PM
A3: ='7-8AM'!A3 -> ROAD: JN A8 MAILI TISA-KITALE (B14) ROAD
A5: ='7-8AM'!A5 -> SITE: JN A8 MAILI TISA-KITALE (B14) ROAD
A6: ='7-8AM'!A6 -> PROJECT: PROPOSED FUEL SERVICE STATION
A7: ='7-8AM'!A7 -> C/O: GIDEON KAGO KARIUKI
A9: TRAFFIC VOLUME COUNTS DATA (RAW DATA)
A10: 15 MINUTES VOLUMES
A12: TIME | B12: Motorcycle/Tuktuk | C12: Cars(<=5seats) | D12: Large Cars,4WD,SUVs | E12: Pickups/Vans | F12: Minibus/Matatus(<=14seat | G12: Small bus(14-33seat) | H12: Large bus(>33seat) | I12: Light Trucks(2axles) | J12: Medium Trucks(2axle,Double rear wheel) | K12: Heavy Trucks(3, 4 axles) | L12: Artics/draw-bar trucks | M12: Others (e.g tractors) | N12: TOTALS
A13: 2:00-2:15
A14: ='7-8AM'!A14 -> Maili Tisa Bound | B14: 22 | C14: 15 | D14: 3 | E14: 3 | F14: 4 | G14: 0 | H14: 1 | I14: 0 | J14: 2 | K14: 1 | L14: 0 | M14: 0 | N14: =SUM(B14:M14) -> 51
A15: ='7-8AM'!A15 -> Kitale Bound | B15: 19 | C15: 23 | D15: 5 | E15: 3 | F15: 8 | G15: 0 | H15: 0 | I15: 0 | J15: 6 | K15: 0 | L15: 0 | M15: 0 | N15: =SUM(B15:M15) -> 64
A16: VEHICLES | B16: =SUM(B14:B15) -> 41 | C16: =SUM(C14:C15) -> 38 | D16: =SUM(D14:D15) -> 8 | E16: =SUM(E14:E15) -> 6 | F16: =SUM(F14:F15) -> 12 | G16: =SUM(G14:G15) -> 0 | H16: =SUM(H14:H15) -> 1 | I16: =SUM(I14:I15) -> 0 | ... M16: =SUM(M14:M15) -> 0 | N16: =SUM(B16:M16) -> 115
A17: Conversion Factor | B17: 0 | C17: 1 | D17: 1 | E17: 1 | F17: 1 | G17: 1 | H17: 2 | I17: 1 | J17: 1 | K17: 2 | L17: 2 | M17: 1
A18: PCUs, Passenger Car Units | B18: =B16*B17 -> 0 | C18: =C16*C17 -> 38 | D18: =D16*D17 -> 8 | E18: =E16*E17 -> 6 | F18: =F16*F17 -> 12 | G18: =G16*G17 -> 0 | H18: =H16*H17 -> 2 | I18: =I16*I17 -> 0 | ... M18: =M16*M17 -> 0 | N18: =SUM(B18:M18) -> 76
A22: TIME | B22: Motorcycle/Tuktuk | C22: Cars(<=5seats) | D22: Large Cars,4WD,SUVs | E22: Pickups/Vans | F22: Minibus/Matatus(<=14seat | G22: Small bus(14-33seat) | H22: Large bus(>33seat) | I22: Light Trucks(2axles) | J22: Medium Trucks(2axle,Double rear wheel) | K22: Heavy Trucks(3, 4 axles) | L22: Artics/draw-bar trucks | M22: Others (e.g tractors) | N22: TOTALS
A23: 2:15-2:30
A24: ='7-8AM'!A24 -> Maili Tisa Bound | B24: 20 | C24: 9 | D24: 3 | E24: 4 | F24: 6 | G24: 0 | H24: 1 | I24: 0 | J24: 4 | K24: 0 | L24: 1 | M24: 0 | N24: =SUM(B24:M24) -> 48
A25: ='7-8AM'!A25 -> Kitale Bound | B25: 21 | C25: 14 | D25: 4 | E25: 1 | F25: 7 | G25: 0 | H25: 0 | I25: 0 | J25: 3 | K25: 0 | L25: 1 | M25: 0 | N25: =SUM(B25:M25) -> 51
A26: VEHICLES | B26: =SUM(B24:B25) -> 41 | C26: =SUM(C24:C25) -> 23 | D26: =SUM(D24:D25) -> 7 | E26: =SUM(E24:E25) -> 5 | F26: =SUM(F24:F25) -> 13 | G26: =SUM(G24:G25) -> 0 | H26: =SUM(H24:H25) -> 1 | I26: =SUM(I24:I25) -> 0 | ... M26: =SUM(M24:M25) -> 0 | N26: =SUM(B26:M26) -> 99
A27: Conversion Factor | B27: 0 | C27: 1 | D27: 1 | E27: 1 | F27: 1 | G27: 1 | H27: 2 | I27: 1 | J27: 1 | K27: 2 | L27: 2 | M27: 1
A28: PCUs, Passenger Car Units | B28: =B26*B27 -> 0 | C28: =C26*C27 -> 23 | D28: =D26*D27 -> 7 | E28: =E26*E27 -> 5 | F28: =F26*F27 -> 13 | G28: =G26*G27 -> 0 | H28: =H26*H27 -> 2 | I28: =I26*I27 -> 0 | ... M28: =M26*M27 -> 0 | N28: =SUM(B28:M28) -> 61
A32: TIME | B32: Motorcycle/Tuktuk | C32: Cars(<=5seats) | D32: Large Cars,4WD,SUVs | E32: Pickups/Vans | F32: Minibus/Matatus(<=14seat | G32: Small bus(14-33seat) | H32: Large bus(>33seat) | I32: Light Trucks(2axles) | J32: Medium Trucks(2axle,Double rear wheel) | K32: Heavy Trucks(3, 4 axles) | L32: Artics/draw-bar trucks | M32: Others (e.g tractors) | N32: TOTALS
A33: 2:30-2:45
A34: ='7-8AM'!A34 -> Maili Tisa Bound | B34: 24 | C34: 9 | D34: 8 | E34: 2 | F34: 10 | G34: 0 | H34: 0 | I34: 0 | J34: 6 | K34: 0 | L34: 0 | M34: 0 | N34: =SUM(B34:M34) -> 59
A35: ='7-8AM'!A35 -> Kitale Bound | B35: 29 | C35: 19 | D35: 1 | E35: 3 | F35: 6 | G35: 0 | H35: 1 | I35: 0 | J35: 3 | K35: 2 | L35: 0 | M35: 0 | N35: =SUM(B35:M35) -> 64
A36: VEHICLES | B36: =SUM(B34:B35) -> 53 | C36: =SUM(C34:C35) -> 28 | D36: =SUM(D34:D35) -> 9 | E36: =SUM(E34:E35) -> 5 | F36: =SUM(F34:F35) -> 16 | G36: =SUM(G34:G35) -> 0 | H36: =SUM(H34:H35) -> 1 | I36: =SUM(I34:I35) -> 0 | ... M36: =SUM(M34:M35) -> 0 | N36: =SUM(B36:M36) -> 123
A37: Conversion Factor | B37: 0 | C37: 1 | D37: 1 | E37: 1 | F37: 1 | G37: 1 | H37: 2 | I37: 1 | J37: 1 | K37: 2 | L37: 2 | M37: 1
A38: PCUs, Passenger Car Units | B38: =B36*B37 -> 0 | C38: =C36*C37 -> 28 | D38: =D36*D37 -> 9 | E38: =E36*E37 -> 5 | F38: =F36*F37 -> 16 | G38: =G36*G37 -> 0 | H38: =H36*H37 -> 2 | I38: =I36*I37 -> 0 | ... M38: =M36*M37 -> 0 | N38: =SUM(B38:M38) -> 73
A42: TIME | B42: Motorcycle/Tuktuk | C42: Cars(<=5seats) | D42: Large Cars,4WD,SUVs | E42: Pickups/Vans | F42: Minibus/Matatus(<=14seat | G42: Small bus(14-33seat) | H42: Large bus(>33seat) | I42: Light Trucks(2axles) | J42: Medium Trucks(2axle,Double rear wheel) | K42: Heavy Trucks(3, 4 axles) | L42: Artics/draw-bar trucks | M42: Others (e.g tractors) | N42: TOTALS
A43: 2:45-3:00
A44: ='7-8AM'!A44 -> Maili Tisa Bound | B44: 26 | C44: 12 | D44: 8 | E44: 3 | F44: 6 | G44: 0 | H44: 0 | I44: 1 | J44: 1 | K44: 1 | L44: 0 | M44: 0 | N44: =SUM(B44:M44) -> 58
A45: ='7-8AM'!A45 -> Kitale Bound | B45: 31 | C45: 19 | D45: 5 | E45: 3 | F45: 8 | G45: 0 | H45: 0 | I45: 0 | J45: 3 | K45: 2 | L45: 1 | M45: 0 | N45: =SUM(B45:M45) -> 72
A46: VEHICLES | B46: =SUM(B44:B45) -> 57 | C46: =SUM(C44:C45) -> 31 | D46: =SUM(D44:D45) -> 13 | E46: =SUM(E44:E45) -> 6 | F46: =SUM(F44:F45) -> 14 | G46: =SUM(G44:G45) -> 0 | H46: =SUM(H44:H45) -> 0 | I46: =SUM(I44:I45) -> 1 | ... M46: =SUM(M44:M45) -> 0 | N46: =SUM(B46:M46) -> 130
A47: Conversion Factor | B47: 0 | C47: 1 | D47: 1 | E47: 1 | F47: 1 | G47: 1 | H47: 2 | I47: 1 | J47: 1 | K47: 2 | L47: 2 | M47: 1
A48: PCUs, Passenger Car Units | B48: =B46*B47 -> 0 | C48: =C46*C47 -> 31 | D48: =D46*D47 -> 13 | E48: =E46*E47 -> 6 | F48: =F46*F47 -> 14 | G48: =G46*G47 -> 0 | H48: =H46*H47 -> 0 | I48: =I46*I47 -> 1 | ... M48: =M46*M47 -> 0 | N48: =SUM(B48:M48) -> 77
A52: HOURLY (1HR) SUMMARY
A54: TIME | B54: Motorcycle/Tuktuk | C54: Cars(<=5seats) | D54: Large Cars,4WD,SUVs | E54: Pickups/Vans | F54: Minibus/Matatus(<=14seat | G54: Small bus(14-33seat) | H54: Large bus(>33seat) | I54: Light Trucks(2axles) | J54: Medium Trucks(2axle,Double rear wheel) | K54: Heavy Trucks(3, 4 axles) | L54: Artics/draw-bar trucks | M54: Others (e.g tractors) | N54: TOTALS
A55: 02 PM to 03 PM
A56: ='7-8AM'!A56 -> Maili Tisa Bound | B56: =(B14+B24+B34+B44) -> 92 | C56: =(C14+C24+C34+C44) -> 45 | D56: =(D14+D24+D34+D44) -> 22 | E56: =(E14+E24+E34+E44) -> 12 | F56: =(F14+F24+F34+F44) -> 26 | G56: =(G14+G24+G34+G44) -> 0 | H56: =(H14+H24+H34+H44) -> 2 | I56: =(I14+I24+I34+I44) -> 1 | ... M56: =(M14+M24+M34+M44) -> 0 | N56: =SUM(B56:M56) -> 216
A57: ='7-8AM'!A57 -> Kitale Bound | B57: =(B15+B25+B35+B45) -> 100 | C57: =(C15+C25+C35+C45) -> 75 | D57: =(D15+D25+D35+D45) -> 15 | E57: =(E15+E25+E35+E45) -> 10 | F57: =(F15+F25+F35+F45) -> 29 | G57: =(G15+G25+G35+G45) -> 0 | H57: =(H15+H25+H35+H45) -> 1 | I57: =(I15+I25+I35+I45) -> 0 | ... M57: =(M15+M25+M35+M45) -> 0 | N57: =SUM(B57:M57) -> 251
A58: VEHICLES | B58: =SUM(B56:B57) -> 192 | C58: =SUM(C56:C57) -> 120 | D58: =SUM(D56:D57) -> 37 | E58: =SUM(E56:E57) -> 22 | F58: =SUM(F56:F57) -> 55 | G58: =SUM(G56:G57) -> 0 | H58: =SUM(H56:H57) -> 3 | I58: =SUM(I56:I57) -> 1 | ... M58: =SUM(M56:M57) -> 0 | N58: =SUM(B58:M58) -> 467
A59: Conversion Factor | B59: 0 | C59: 1 | D59: 1 | E59: 1 | F59: 1 | G59: 1 | H59: 2 | I59: 1 | J59: 1 | K59: 2 | L59: 2 | M59: 1
A60: PCUs, Passenger Car Units | B60: =B58*B59 -> 0 | C60: =C58*C59 -> 120 | D60: =D58*D59 -> 37 | E60: =E58*E59 -> 22 | F60: =F58*F59 -> 55 | G60: =G58*G59 -> 0 | H60: =H58*H59 -> 6 | I60: =I58*I59 -> 1 | ... M60: =M58*M59 -> 0 | N60: =SUM(B60:M60) -> 287

Sheet 3-4PM
A1: 03:00 PM -04:00 PM
A3: ='7-8AM'!A3 -> ROAD: JN A8 MAILI TISA-KITALE (B14) ROAD
A5: ='7-8AM'!A5 -> SITE: JN A8 MAILI TISA-KITALE (B14) ROAD
A6: ='7-8AM'!A6 -> PROJECT: PROPOSED FUEL SERVICE STATION
A7: ='7-8AM'!A7 -> C/O: GIDEON KAGO KARIUKI
A9: TRAFFIC VOLUME COUNTS DATA (RAW DATA)
A10: 15 MINUTES VOLUMES
A12: TIME | B12: Motorcycle/Tuktuk | C12: Cars(<=5seats) | D12: Large Cars,4WD,SUVs | E12: Pickups/Vans | F12: Minibus/Matatus(<=14seat | G12: Small bus(14-33seat) | H12: Large bus(>33seat) | I12: Light Trucks(2axles) | J12: Medium Trucks(2axle,Double rear wheel) | K12: Heavy Trucks(3, 4 axles) | L12: Artics/draw-bar trucks | M12: Others (e.g tractors) | N12: TOTALS
A13: 3:00-3:15
A14: ='7-8AM'!A14 -> Maili Tisa Bound | B14: 23 | C14: 14 | D14: 7 | E14: 3 | F14: 3 | G14: 0 | H14: 0 | I14: 1 | J14: 1 | K14: 0 | L14: 0 | M14: 0 | N14: =SUM(B14:M14) -> 52
A15: ='7-8AM'!A15 -> Kitale Bound | B15: 16 | C15: 19 | D15: 4 | E15: 2 | F15: 4 | G15: 0 | H15: 2 | I15: 0 | J15: 1 | K15: 0 | L15: 0 | M15: 0 | N15: =SUM(B15:M15) -> 48
A16: VEHICLES | B16: =SUM(B14:B15) -> 39 | C16: =SUM(C14:C15) -> 33 | D16: =SUM(D14:D15) -> 11 | E16: =SUM(E14:E15) -> 5 | F16: =SUM(F14:F15) -> 7 | G16: =SUM(G14:G15) -> 0 | H16: =SUM(H14:H15) -> 2 | I16: =SUM(I14:I15) -> 1 | ... M16: =SUM(M14:M15) -> 0 | N16: =SUM(B16:M16) -> 100
A17: Conversion Factor | B17: 0 | C17: 1 | D17: 1 | E17: 1 | F17: 1 | G17: 1 | H17: 2 | I17: 1 | J17: 1 | K17: 2 | L17: 2 | M17: 1
A18: PCUs, Passenger Car Units | B18: =B16*B17 -> 0 | C18: =C16*C17 -> 33 | D18: =D16*D17 -> 11 | E18: =E16*E17 -> 5 | F18: =F16*F17 -> 7 | G18: =G16*G17 -> 0 | H18: =H16*H17 -> 4 | I18: =I16*I17 -> 1 | ... M18: =M16*M17 -> 0 | N18: =SUM(B18:M18) -> 63
A22: TIME | B22: Motorcycle/Tuktuk | C22: Cars(<=5seats) | D22: Large Cars,4WD,SUVs | E22: Pickups/Vans | F22: Minibus/Matatus(<=14seat | G22: Small bus(14-33seat) | H22: Large bus(>33seat) | I22: Light Trucks(2axles) | J22: Medium Trucks(2axle,Double rear wheel) | K22: Heavy Trucks(3, 4 axles) | L22: Artics/draw-bar trucks | M22: Others (e.g tractors) | N22: TOTALS
A23: 3:15-3:30
A24: ='7-8AM'!A24 -> Maili Tisa Bound | B24: 19 | C24: 16 | D24: 11 | E24: 9 | F24: 6 | G24: 0 | H24: 1 | I24: 1 | J24: 2 | K24: 0 | L24: 0 | M24: 0 | N24: =SUM(B24:M24) -> 65
A25: ='7-8AM'!A25 -> Kitale Bound | B25: 22 | C25: 12 | D25: 7 | E25: 4 | F25: 12 | G25: 2 | H25: 0 | I25: 0 | J25: 1 | K25: 1 | L25: 0 | M25: 0 | N25: =SUM(B25:M25) -> 61
A26: VEHICLES | B26: =SUM(B24:B25) -> 41 | C26: =SUM(C24:C25) -> 28 | D26: =SUM(D24:D25) -> 18 | E26: =SUM(E24:E25) -> 13 | F26: =SUM(F24:F25) -> 18 | G26: =SUM(G24:G25) -> 2 | H26: =SUM(H24:H25) -> 1 | I26: =SUM(I24:I25) -> 1 | ... M26: =SUM(M24:M25) -> 0 | N26: =SUM(B26:M26) -> 126
A27: Conversion Factor | B27: 0 | C27: 1 | D27: 1 | E27: 1 | F27: 1 | G27: 1 | H27: 2 | I27: 1 | J27: 1 | K27: 2 | L27: 2 | M27: 1
A28: PCUs, Passenger Car Units | B28: =B26*B27 -> 0 | C28: =C26*C27 -> 28 | D28: =D26*D27 -> 18 | E28: =E26*E27 -> 13 | F28: =F26*F27 -> 18 | G28: =G26*G27 -> 2 | H28: =H26*H27 -> 2 | I28: =I26*I27 -> 1 | ... M28: =M26*M27 -> 0 | N28: =SUM(B28:M28) -> 87
A32: TIME | B32: Motorcycle/Tuktuk | C32: Cars(<=5seats) | D32: Large Cars,4WD,SUVs | E32: Pickups/Vans | F32: Minibus/Matatus(<=14seat | G32: Small bus(14-33seat) | H32: Large bus(>33seat) | I32: Light Trucks(2axles) | J32: Medium Trucks(2axle,Double rear wheel) | K32: Heavy Trucks(3, 4 axles) | L32: Artics/draw-bar trucks | M32: Others (e.g tractors) | N32: TOTALS
A33: 3:30-3:45
A34: ='7-8AM'!A34 -> Maili Tisa Bound | B34: 23 | C34: 17 | D34: 6 | E34: 8 | F34: 6 | G34: 0 | H34: 0 | I34: 2 | J34: 1 | K34: 3 | L34: 0 | M34: 0 | N34: =SUM(B34:M34) -> 66
A35: ='7-8AM'!A35 -> Kitale Bound | B35: 19 | C35: 19 | D35: 20 | E35: 3 | F35: 9 | G35: 2 | H35: 1 | I35: 0 | J35: 2 | K35: 0 | L35: 0 | M35: 0 | N35: =SUM(B35:M35) -> 75
A36: VEHICLES | B36: =SUM(B34:B35) -> 42 | C36: =SUM(C34:C35) -> 36 | D36: =SUM(D34:D35) -> 26 | E36: =SUM(E34:E35) -> 11 | F36: =SUM(F34:F35) -> 15 | G36: =SUM(G34:G35) -> 2 | H36: =SUM(H34:H35) -> 1 | I36: =SUM(I34:I35) -> 2 | ... M36: =SUM(M34:M35) -> 0 | N36: =SUM(B36:M36) -> 141
A37: Conversion Factor | B37: 0 | C37: 1 | D37: 1 | E37: 1 | F37: 1 | G37: 1 | H37: 2 | I37: 1 | J37: 1 | K37: 2 | L37: 2 | M37: 1
A38: PCUs, Passenger Car Units | B38: =B36*B37 -> 0 | C38: =C36*C37 -> 36 | D38: =D36*D37 -> 26 | E38: =E36*E37 -> 11 | F38: =F36*F37 -> 15 | G38: =G36*G37 -> 2 | H38: =H36*H37 -> 2 | I38: =I36*I37 -> 2 | ... M38: =M36*M37 -> 0 | N38: =SUM(B38:M38) -> 103
A42: TIME | B42: Motorcycle/Tuktuk | C42: Cars(<=5seats) | D42: Large Cars,4WD,SUVs | E42: Pickups/Vans | F42: Minibus/Matatus(<=14seat | G42: Small bus(14-33seat) | H42: Large bus(>33seat) | I42: Light Trucks(2axles) | J42: Medium Trucks(2axle,Double rear wheel) | K42: Heavy Trucks(3, 4 axles) | L42: Artics/draw-bar trucks | M42: Others (e.g tractors) | N42: TOTALS
A43: 3:45-4:00
A44: ='7-8AM'!A44 -> Maili Tisa Bound | B44: 22 | C44: 15 | D44: 5 | E44: 3 | F44: 9 | G44: 0 | H44: 1 | I44: 0 | J44: 2 | K44: 0 | L44: 0 | M44: 0 | N44: =SUM(B44:M44) -> 57
A45: ='7-8AM'!A45 -> Kitale Bound | B45: 19 | C45: 19 | D45: 7 | E45: 2 | F45: 4 | G45: 2 | H45: 0 | I45: 1 | J45: 3 | K45: 0 | L45: 0 | M45: 0 | N45: =SUM(B45:M45) -> 57
A46: VEHICLES | B46: =SUM(B44:B45) -> 41 | C46: =SUM(C44:C45) -> 34 | D46: =SUM(D44:D45) -> 12 | E46: =SUM(E44:E45) -> 5 | F46: =SUM(F44:F45) -> 13 | G46: =SUM(G44:G45) -> 2 | H46: =SUM(H44:H45) -> 1 | I46: =SUM(I44:I45) -> 1 | ... M46: =SUM(M44:M45) -> 0 | N46: =SUM(B46:M46) -> 114
A47: Conversion Factor | B47: 0 | C47: 1 | D47: 1 | E47: 1 | F47: 1 | G47: 1 | H47: 2 | I47: 1 | J47: 1 | K47: 2 | L47: 2 | M47: 1
A48: PCUs, Passenger Car Units | B48: =B46*B47 -> 0 | C48: =C46*C47 -> 34 | D48: =D46*D47 -> 12 | E48: =E46*E47 -> 5 | F48: =F46*F47 -> 13 | G48: =G46*G47 -> 2 | H48: =H46*H47 -> 2 | I48: =I46*I47 -> 1 | ... M48: =M46*M47 -> 0 | N48: =SUM(B48:M48) -> 74
A52: HOURLY (1HR) SUMMARY
A54: TIME | B54: Motorcycle/Tuktuk | C54: Cars(<=5seats) | D54: Large Cars,4WD,SUVs | E54: Pickups/Vans | F54: Minibus/Matatus(<=14seat | G54: Small bus(14-33seat) | H54: Large bus(>33seat) | I54: Light Trucks(2axles) | J54: Medium Trucks(2axle,Double rear wheel) | K54: Heavy Trucks(3, 4 axles) | L54: Artics/draw-bar trucks | M54: Others (e.g tractors) | N54: TOTALS
A55: 03 PM to 04 PM
A56: ='7-8AM'!A56 -> Maili Tisa Bound | B56: =(B14+B24+B34+B44) -> 87 | C56: =(C14+C24+C34+C44) -> 62 | D56: =(D14+D24+D34+D44) -> 29 | E56: =(E14+E24+E34+E44) -> 23 | F56: =(F14+F24+F34+F44) -> 24 | G56: =(G14+G24+G34+G44) -> 0 | H56: =(H14+H24+H34+H44) -> 2 | I56: =(I14+I24+I34+I44) -> 4 | ... M56: =(M14+M24+M34+M44) -> 0 | N56: =SUM(B56:M56) -> 240
A57: ='7-8AM'!A57 -> Kitale Bound | B57: =(B15+B25+B35+B45) -> 76 | C57: =(C15+C25+C35+C45) -> 69 | D57: =(D15+D25+D35+D45) -> 38 | E57: =(E15+E25+E35+E45) -> 11 | F57: =(F15+F25+F35+F45) -> 29 | G57: =(G15+G25+G35+G45) -> 6 | H57: =(H15+H25+H35+H45) -> 3 | I57: =(I15+I25+I35+I45) -> 1 | ... M57: =(M15+M25+M35+M45) -> 0 | N57: =SUM(B57:M57) -> 241
A58: VEHICLES | B58: =SUM(B56:B57) -> 163 | C58: =SUM(C56:C57) -> 131 | D58: =SUM(D56:D57) -> 67 | E58: =SUM(E56:E57) -> 34 | F58: =SUM(F56:F57) -> 53 | G58: =SUM(G56:G57) -> 6 | H58: =SUM(H56:H57) -> 5 | I58: =SUM(I56:I57) -> 5 | ... M58: =SUM(M56:M57) -> 0 | N58: =SUM(B58:M58) -> 481
A59: Conversion Factor | B59: 0 | C59: 1 | D59: 1 | E59: 1 | F59: 1 | G59: 1 | H59: 2 | I59: 1 | J59: 1 | K59: 2 | L59: 2 | M59: 1
A60: PCUs, Passenger Car Units | B60: =B58*B59 -> 0 | C60: =C58*C59 -> 131 | D60: =D58*D59 -> 67 | E60: =E58*E59 -> 34 | F60: =F58*F59 -> 53 | G60: =G58*G59 -> 6 | H60: =H58*H59 -> 10 | I60: =I58*I59 -> 5 | ... M60: =M58*M59 -> 0 | N60: =SUM(B60:M60) -> 327

Sheet 4-5PM
A1: 04:00 PM - 05:00AM
A3: ='7-8AM'!A3 -> ROAD: JN A8 MAILI TISA-KITALE (B14) ROAD
A5: ='7-8AM'!A5 -> SITE: JN A8 MAILI TISA-KITALE (B14) ROAD
A6: ='7-8AM'!A6 -> PROJECT: PROPOSED FUEL SERVICE STATION
A7: ='7-8AM'!A7 -> C/O: GIDEON KAGO KARIUKI
A9: TRAFFIC VOLUME COUNTS DATA (RAW DATA)
A10: 15 MINUTES VOLUMES
A12: TIME | B12: Motorcycle/Tuktuk | C12: Cars(<=5seats) | D12: Large Cars,4WD,SUVs | E12: Pickups/Vans | F12: Minibus/Matatus(<=14seat | G12: Small bus(14-33seat) | H12: Large bus(>33seat) | I12: Light Trucks(2axles) | J12: Medium Trucks(2axle,Double rear wheel) | K12: Heavy Trucks(3, 4 axles) | L12: Artics/draw-bar trucks | M12: Others (e.g tractors) | N12: TOTALS
A13: 4:00-4:15
A14: ='7-8AM'!A14 -> Maili Tisa Bound | B14: 14 | C14: 20 | D14: 11 | E14: 1 | F14: 7 | G14: 0 | H14: 1 | I14: 0 | J14: 2 | K14: 1 | L14: 1 | M14: 0 | N14: =SUM(B14:M14) -> 58
A15: ='7-8AM'!A15 -> Kitale Bound | B15: 22 | C15: 18 | D15: 6 | E15: 4 | F15: 3 | G15: 1 | H15: 0 | I15: 1 | J15: 3 | K15: 0 | L15: 0 | M15: 0 | N15: =SUM(B15:M15) -> 58
A16: VEHICLES | B16: =SUM(B14:B15) -> 36 | C16: =SUM(C14:C15) -> 38 | D16: =SUM(D14:D15) -> 17 | E16: =SUM(E14:E15) -> 5 | F16: =SUM(F14:F15) -> 10 | G16: =SUM(G14:G15) -> 1 | H16: =SUM(H14:H15) -> 1 | I16: =SUM(I14:I15) -> 1 | ... M16: =SUM(M14:M15) -> 0 | N16: =SUM(B16:M16) -> 116
A17: Conversion Factor | B17: 0 | C17: 1 | D17: 1 | E17: 1 | F17: 1 | G17: 1 | H17: 2 | I17: 1 | J17: 1 | K17: 2 | L17: 2 | M17: 1
A18: PCUs, Passenger Car Units | B18: =B16*B17 -> 0 | C18: =C16*C17 -> 38 | D18: =D16*D17 -> 17 | E18: =E16*E17 -> 5 | F18: =F16*F17 -> 10 | G18: =G16*G17 -> 1 | H18: =H16*H17 -> 2 | I18: =I16*I17 -> 1 | ... M18: =M16*M17 -> 0 | N18: =SUM(B18:M18) -> 83
A22: TIME | B22: Motorcycle/Tuktuk | C22: Cars(<=5seats) | D22: Large Cars,4WD,SUVs | E22: Pickups/Vans | F22: Minibus/Matatus(<=14seat | G22: Small bus(14-33seat) | H22: Large bus(>33seat) | I22: Light Trucks(2axles) | J22: Medium Trucks(2axle,Double rear wheel) | K22: Heavy Trucks(3, 4 axles) | L22: Artics/draw-bar trucks | M22: Others (e.g tractors) | N22: TOTALS
A23: 4:15-4:30
A24: ='7-8AM'!A24 -> Maili Tisa Bound | B24: 22 | C24: 14 | D24: 7 | E24: 0 | F24: 8 | G24: 0 | H24: 1 | I24: 0 | J24: 3 | K24: 1 | L24: 1 | M24: 0 | N24: =SUM(B24:M24) -> 57
A25: ='7-8AM'!A25 -> Kitale Bound | B25: 17 | C25: 13 | D25: 4 | E25: 3 | F25: 5 | G25: 0 | H25: 0 | I25: 0 | J25: 4 | K25: 2 | L25: 0 | M25: 0 | N25: =SUM(B25:M25) -> 48
A26: VEHICLES | B26: =SUM(B24:B25) -> 39 | C26: =SUM(C24:C25) -> 27 | D26: =SUM(D24:D25) -> 11 | E26: =SUM(E24:E25) -> 3 | F26: =SUM(F24:F25) -> 13 | G26: =SUM(G24:G25) -> 0 | H26: =SUM(H24:H25) -> 1 | I26: =SUM(I24:I25) -> 0 | ... M26: =SUM(M24:M25) -> 0 | N26: =SUM(B26:M26) -> 105
A27: Conversion Factor | B27: 0 | C27: 1 | D27: 1 | E27: 1 | F27: 1 | G27: 1 | H27: 2 | I27: 1 | J27: 1 | K27: 2 | L27: 2 | M27: 1
A28: PCUs, Passenger Car Units | B28: =B26*B27 -> 0 | C28: =C26*C27 -> 27 | D28: =D26*D27 -> 11 | E28: =E26*E27 -> 3 | F28: =F26*F27 -> 13 | G28: =G26*G27 -> 0 | H28: =H26*H27 -> 2 | I28: =I26*I27 -> 0 | ... M28: =M26*M27 -> 0 | N28: =SUM(B28:M28) -> 71
A32: TIME | B32: Motorcycle/Tuktuk | C32: Cars(<=5seats) | D32: Large Cars,4WD,SUVs | E32: Pickups/Vans | F32: Minibus/Matatus(<=14seat | G32: Small bus(14-33seat) | H32: Large bus(>33seat) | I32: Light Trucks(2axles) | J32: Medium Trucks(2axle,Double rear wheel) | K32: Heavy Trucks(3, 4 axles) | L32: Artics/draw-bar trucks | M32: Others (e.g tractors) | N32: TOTALS
A33: 4:30-4:45
A34: ='7-8AM'!A34 -> Maili Tisa Bound | B34: 21 | C34: 15 | D34: 4 | E34: 1 | F34: 11 | G34: 0 | H34: 1 | I34: 1 | J34: 2 | K34: 2 | L34: 1 | M34: 0 | N34: =SUM(B34:M34) -> 59
A35: ='7-8AM'!A35 -> Kitale Bound | B35: 25 | C35: 21 | D35: 4 | E35: 2 | F35: 8 | G35: 0 | H35: 1 | I35: 1 | J35: 3 | K35: 1 | L35: 0 | M35: 0 | N35: =SUM(B35:M35) -> 66
A36: VEHICLES | B36: =SUM(B34:B35) -> 46 | C36: =SUM(C34:C35) -> 36 | D36: =SUM(D34:D35) -> 8 | E36: =SUM(E34:E35) -> 3 | F36: =SUM(F34:F35) -> 19 | G36: =SUM(G34:G35) -> 0 | H36: =SUM(H34:H35) -> 2 | I36: =SUM(I34:I35) -> 2 | ... M36: =SUM(M34:M35) -> 0 | N36: =SUM(B36:M36) -> 125
A37: Conversion Factor | B37: 0 | C37: 1 | D37: 1 | E37: 1 | F37: 1 | G37: 1 | H37: 2 | I37: 1 | J37: 1 | K37: 2 | L37: 2 | M37: 1
A38: PCUs, Passenger Car Units | B38: =B36*B37 -> 0 | C38: =C36*C37 -> 36 | D38: =D36*D37 -> 8 | E38: =E36*E37 -> 3 | F38: =F36*F37 -> 19 | G38: =G36*G37 -> 0 | H38: =H36*H37 -> 4 | I38: =I36*I37 -> 2 | ... M38: =M36*M37 -> 0 | N38: =SUM(B38:M38) -> 85
A42: TIME | B42: Motorcycle/Tuktuk | C42: Cars(<=5seats) | D42: Large Cars,4WD,SUVs | E42: Pickups/Vans | F42: Minibus/Matatus(<=14seat | G42: Small bus(14-33seat) | H42: Large bus(>33seat) | I42: Light Trucks(2axles) | J42: Medium Trucks(2axle,Double rear wheel) | K42: Heavy Trucks(3, 4 axles) | L42: Artics/draw-bar trucks | M42: Others (e.g tractors) | N42: TOTALS
A43: 4:45-5:00
A44: ='7-8AM'!A44 -> Maili Tisa Bound | B44: 22 | C44: 16 | D44: 9 | E44: 2 | F44: 3 | G44: 0 | H44: 1 | I44: 0 | J44: 1 | K44: 0 | L44: 0 | M44: 0 | N44: =SUM(B44:M44) -> 54
A45: ='7-8AM'!A45 -> Kitale Bound | B45: 19 | C45: 14 | D45: 9 | E45: 3 | F45: 6 | G45: 0 | H45: 0 | I45: 1 | J45: 3 | K45: 1 | L45: 1 | M45: 0 | N45: =SUM(B45:M45) -> 57
A46: VEHICLES | B46: =SUM(B44:B45) -> 41 | C46: =SUM(C44:C45) -> 30 | D46: =SUM(D44:D45) -> 18 | E46: =SUM(E44:E45) -> 5 | F46: =SUM(F44:F45) -> 9 | G46: =SUM(G44:G45) -> 0 | H46: =SUM(H44:H45) -> 1 | I46: =SUM(I44:I45) -> 1 | ... M46: =SUM(M44:M45) -> 0 | N46: =SUM(B46:M46) -> 111
A47: Conversion Factor | B47: 0 | C47: 1 | D47: 1 | E47: 1 | F47: 1 | G47: 1 | H47: 2 | I47: 1 | J47: 1 | K47: 2 | L47: 2 | M47: 1
A48: PCUs, Passenger Car Units | B48: =B46*B47 -> 0 | C48: =C46*C47 -> 30 | D48: =D46*D47 -> 18 | E48: =E46*E47 -> 5 | F48: =F46*F47 -> 9 | G48: =G46*G47 -> 0 | H48: =H46*H47 -> 2 | I48: =I46*I47 -> 1 | ... M48: =M46*M47 -> 0 | N48: =SUM(B48:M48) -> 73
A52: HOURLY (1HR) SUMMARY
A54: TIME | B54: Motorcycle/Tuktuk | C54: Cars(<=5seats) | D54: Large Cars,4WD,SUVs | E54: Pickups/Vans | F54: Minibus/Matatus(<=14seat | G54: Small bus(14-33seat) | H54: Large bus(>33seat) | I54: Light Trucks(2axles) | J54: Medium Trucks(2axle,Double rear wheel) | K54: Heavy Trucks(3, 4 axles) | L54: Artics/draw-bar trucks | M54: O+A45:N54thers (e.g tractors) | N54: TOTALS
A55: 04 PM to 05 PM
A56: ='7-8AM'!A56 -> Maili Tisa Bound | B56: =B14+B24+B34+B44 -> 79 | C56: =C14+C24+C34+C44 -> 65 | D56: =D14+D24+D34+D44 -> 31 | E56: =E14+E24+E34+E44 -> 4 | F56: =F14+F24+F34+F44 -> 29 | G56: =G14+G24+G34+G44 -> 0 | H56: =H14+H24+H34+H44 -> 4 | I56: =I14+I24+I34+I44 -> 1 | ... M56: =M14+M24+M34+M44 -> 0 | N56: =SUM(B56:M56) -> 228
A57: ='7-8AM'!A57 -> Kitale Bound | B57: =B15+B25+B35+B45 -> 83 | C57: =C15+C25+C35+C45 -> 66 | D57: =D15+D25+D35+D45 -> 23 | E57: =E15+E25+E35+E45 -> 12 | F57: =F15+F25+F35+F45 -> 22 | G57: =G15+G25+G35+G45 -> 1 | H57: =H15+H25+H35+H45 -> 1 | I57: =I15+I25+I35+I45 -> 3 | ... M57: =M15+M25+M35+M45 -> 0 | N57: =SUM(B57:M57) -> 229
A58: VEHICLES | B58: =SUM(B56:B57) -> 162 | C58: =SUM(C56:C57) -> 131 | D58: =SUM(D56:D57) -> 54 | E58: =SUM(E56:E57) -> 16 | F58: =SUM(F56:F57) -> 51 | G58: =SUM(G56:G57) -> 1 | H58: =SUM(H56:H57) -> 5 | I58: =SUM(I56:I57) -> 4 | ... M58: =SUM(M56:M57) -> 0 | N58: =SUM(B58:M58) -> 457
A59: Conversion Factor | B59: 0 | C59: 1 | D59: 1 | E59: 1 | F59: 1 | G59: 1 | H59: 2 | I59: 1 | J59: 1 | K59: 2 | L59: 2 | M59: 1
A60: PCUs, Passenger Car Units | B60: =B58*B59 -> 0 | C60: =C58*C59 -> 131 | D60: =D58*D59 -> 54 | E60: =E58*E59 -> 16 | F60: =F58*F59 -> 51 | G60: =G58*G59 -> 1 | H60: =H58*H59 -> 10 | I60: =I58*I59 -> 4 | ... M60: =M58*M59 -> 0 | N60: =SUM(B60:M60) -> 312

Sheet 5-6PM
A1: 05:00 PM - 06:00 PM
A3: ='7-8AM'!A3 -> ROAD: JN A8 MAILI TISA-KITALE (B14) ROAD
A5: ='7-8AM'!A5 -> SITE: JN A8 MAILI TISA-KITALE (B14) ROAD
A6: ='7-8AM'!A6 -> PROJECT: PROPOSED FUEL SERVICE STATION
A7: ='7-8AM'!A7 -> C/O: GIDEON KAGO KARIUKI
A9: TRAFFIC VOLUME COUNTS DATA (RAW DATA)
A10: 15 MINUTES VOLUMES
A12: TIME | B12: Motorcycle/Tuktuk | C12: Cars(<=5seats) | D12: Large Cars,4WD,SUVs | E12: Pickups/Vans | F12: Minibus/Matatus(<=14seat | G12: Small bus(14-33seat) | H12: Large bus(>33seat) | I12: Light Trucks(2axles) | J12: Medium Trucks(2axle,Double rear wheel) | K12: Heavy Trucks(3, 4 axles) | L12: Artics/draw-bar trucks | M12: Others (e.g tractors) | N12: TOTALS
A13: 5:00-5:15
A14: ='7-8AM'!A14 -> Maili Tisa Bound | B14: 15 | C14: 24 | D14: 10 | E14: 2 | F14: 7 | G14: 0 | H14: 1 | I14: 1 | J14: 5 | K14: 0 | L14: 0 | M14: 0 | N14: =SUM(B14:M14) -> 65
A15: ='7-8AM'!A15 -> Kitale Bound | B15: 18 | C15: 17 | D15: 7 | E15: 11 | F15: 6 | G15: 1 | H15: 0 | I15: 1 | J15: 4 | K15: 1 | L15: 0 | M15: 0 | N15: =SUM(B15:M15) -> 66
A16: VEHICLES | B16: =SUM(B14:B15) -> 33 | C16: =SUM(C14:C15) -> 41 | D16: =SUM(D14:D15) -> 17 | E16: =SUM(E14:E15) -> 13 | F16: =SUM(F14:F15) -> 13 | G16: =SUM(G14:G15) -> 1 | H16: =SUM(H14:H15) -> 1 | I16: =SUM(I14:I15) -> 2 | ... M16: =SUM(M14:M15) -> 0 | N16: =SUM(B16:M16) -> 131
A17: Conversion Factor | B17: 0 | C17: 1 | D17: 1 | E17: 1 | F17: 1 | G17: 1 | H17: 2 | I17: 1 | J17: 1 | K17: 2 | L17: 2 | M17: 1
A18: PCUs, Passenger Car Units | B18: =B16*B17 -> 0 | C18: =C16*C17 -> 41 | D18: =D16*D17 -> 17 | E18: =E16*E17 -> 13 | F18: =F16*F17 -> 13 | G18: =G16*G17 -> 1 | H18: =H16*H17 -> 2 | I18: =I16*I17 -> 2 | ... M18: =M16*M17 -> 0 | N18: =SUM(B18:M18) -> 100
A22: TIME | B22: Motorcycle/Tuktuk | C22: Cars(<=5seats) | D22: Large Cars,4WD,SUVs | E22: Pickups/Vans | F22: Minibus/Matatus(<=14seat | G22: Small bus(14-33seat) | H22: Large bus(>33seat) | I22: Light Trucks(2axles) | J22: Medium Trucks(2axle,Double rear wheel) | K22: Heavy Trucks(3, 4 axles) | L22: Artics/draw-bar trucks | M22: Others (e.g tractors) | N22: TOTALS
A23: 5:15-5:30
A24: ='7-8AM'!A24 -> Maili Tisa Bound | B24: 14 | C24: 33 | D24: 9 | E24: 2 | F24: 7 | G24: 1 | H24: 2 | I24: 1 | J24: 1 | K24: 1 | L24: 0 | M24: 0 | N24: =SUM(B24:M24) -> 71
A25: ='7-8AM'!A25 -> Kitale Bound | B25: 18 | C25: 19 | D25: 6 | E25: 4 | F25: 8 | G25: 0 | H25: 1 | I25: 1 | J25: 4 | K25: 0 | L25: 0 | M25: 0 | N25: =SUM(B25:M25) -> 61
A26: VEHICLES | B26: =SUM(B24:B25) -> 32 | C26: =SUM(C24:C25) -> 52 | D26: =SUM(D24:D25) -> 15 | E26: =SUM(E24:E25) -> 6 | F26: =SUM(F24:F25) -> 15 | G26: =SUM(G24:G25) -> 1 | H26: =SUM(H24:H25) -> 3 | I26: =SUM(I24:I25) -> 2 | ... M26: =SUM(M24:M25) -> 0 | N26: =SUM(B26:M26) -> 132
A27: Conversion Factor | B27: 0 | C27: 1 | D27: 1 | E27: 1 | F27: 1 | G27: 1 | H27: 2 | I27: 1 | J27: 1 | K27: 2 | L27: 2 | M27: 1
A28: PCUs, Passenger Car Units | B28: =B26*B27 -> 0 | C28: =C26*C27 -> 52 | D28: =D26*D27 -> 15 | E28: =E26*E27 -> 6 | F28: =F26*F27 -> 15 | G28: =G26*G27 -> 1 | H28: =H26*H27 -> 6 | I28: =I26*I27 -> 2 | ... M28: =M26*M27 -> 0 | N28: =SUM(B28:M28) -> 104
A32: TIME | B32: Motorcycle/Tuktuk | C32: Cars(<=5seats) | D32: Large Cars,4WD,SUVs | E32: Pickups/Vans | F32: Minibus/Matatus(<=14seat | G32: Small bus(14-33seat) | H32: Large bus(>33seat) | I32: Light Trucks(2axles) | J32: Medium Trucks(2axle,Double rear wheel) | K32: Heavy Trucks(3, 4 axles) | L32: Artics/draw-bar trucks | M32: Others (e.g tractors) | N32: TOTALS
A33: 5:30-5:45
A34: ='7-8AM'!A34 -> Maili Tisa Bound | B34: 20 | C34: 21 | D34: 9 | E34: 3 | F34: 5 | G34: 0 | H34: 1 | I34: 0 | J34: 3 | K34: 1 | L34: 0 | M34: 0 | N34: =SUM(B34:M34) -> 63
A35: ='7-8AM'!A35 -> Kitale Bound | B35: 15 | C35: 26 | D35: 7 | E35: 4 | F35: 4 | G35: 0 | H35: 1 | I35: 2 | J35: 3 | K35: 0 | L35: 0 | M35: 0 | N35: =SUM(B35:M35) -> 62
A36: VEHICLES | B36: =SUM(B34:B35) -> 35 | C36: =SUM(C34:C35) -> 47 | D36: =SUM(D34:D35) -> 16 | E36: =SUM(E34:E35) -> 7 | F36: =SUM(F34:F35) -> 9 | G36: =SUM(G34:G35) -> 0 | H36: =SUM(H34:H35) -> 2 | I36: =SUM(I34:I35) -> 2 | ... M36: =SUM(M34:M35) -> 0 | N36: =SUM(B36:M36) -> 125
A37: Conversion Factor | B37: 0 | C37: 1 | D37: 1 | E37: 1 | F37: 1 | G37: 1 | H37: 2 | I37: 1 | J37: 1 | K37: 2 | L37: 2 | M37: 1
A38: PCUs, Passenger Car Units | B38: =B36*B37 -> 0 | C38: =C36*C37 -> 47 | D38: =D36*D37 -> 16 | E38: =E36*E37 -> 7 | F38: =F36*F37 -> 9 | G38: =G36*G37 -> 0 | H38: =H36*H37 -> 4 | I38: =I36*I37 -> 2 | ... M38: =M36*M37 -> 0 | N38: =SUM(B38:M38) -> 93
A42: TIME | B42: Motorcycle/Tuktuk | C42: Cars(<=5seats) | D42: Large Cars,4WD,SUVs | E42: Pickups/Vans | F42: Minibus/Matatus(<=14seat | G42: Small bus(14-33seat) | H42: Large bus(>33seat) | I42: Light Trucks(2axles) | J42: Medium Trucks(2axle,Double rear wheel) | K42: Heavy Trucks(3, 4 axles) | L42: Artics/draw-bar trucks | M42: Others (e.g tractors) | N42: TOTALS
A43: 5:45-6:00
A44: ='7-8AM'!A44 -> Maili Tisa Bound | B44: 26 | C44: 27 | D44: 9 | E44: 1 | F44: 4 | G44: 0 | H44: 0 | I44: 1 | J44: 2 | K44: 1 | L44: 0 | M44: 0 | N44: =SUM(B44:M44) -> 71
A45: ='7-8AM'!A45 -> Kitale Bound | B45: 16 | C45: 15 | D45: 11 | E45: 5 | F45: 3 | G45: 1 | H45: 1 | I45: 2 | J45: 4 | K45: 0 | L45: 1 | M45: 0 | N45: =SUM(B45:M45) -> 59
A46: VEHICLES | B46: =SUM(B44:B45) -> 42 | C46: =SUM(C44:C45) -> 42 | D46: =SUM(D44:D45) -> 20 | E46: =SUM(E44:E45) -> 6 | F46: =SUM(F44:F45) -> 7 | G46: =SUM(G44:G45) -> 1 | H46: =SUM(H44:H45) -> 1 | I46: =SUM(I44:I45) -> 3 | ... M46: =SUM(M44:M45) -> 0 | N46: =SUM(B46:M46) -> 130
A47: Conversion Factor | B47: 0 | C47: 1 | D47: 1 | E47: 1 | F47: 1 | G47: 1 | H47: 2 | I47: 1 | J47: 1 | K47: 2 | L47: 2 | M47: 1
A48: PCUs, Passenger Car Units | B48: =B46*B47 -> 0 | C48: =C46*C47 -> 42 | D48: =D46*D47 -> 20 | E48: =E46*E47 -> 6 | F48: =F46*F47 -> 7 | G48: =G46*G47 -> 1 | H48: =H46*H47 -> 2 | I48: =I46*I47 -> 3 | ... M48: =M46*M47 -> 0 | N48: =SUM(B48:M48) -> 91
A52: HOURLY (1HR) SUMMARY
A54: TIME | B54: Motorcycle/Tuktuk | C54: Cars(<=5seats) | D54: Large Cars,4WD,SUVs | E54: Pickups/Vans | F54: Minibus/Matatus(<=14seat | G54: Small bus(14-33seat) | H54: Large bus(>33seat) | I54: Light Trucks(2axles) | J54: Medium Trucks(2axle,Double rear wheel) | K54: Heavy Trucks(3, 4 axles) | L54: Artics/draw-bar trucks | M54: Others (e.g tractors) | N54: TOTALS
A55: 05 PM to 06 PM
A56: ='7-8AM'!A56 -> Maili Tisa Bound | B56: =(B14+B24+B34+B44) -> 75 | C56: =(C14+C24+C34+C44) -> 105 | D56: =(D14+D24+D34+D44) -> 37 | E56: =(E14+E24+E34+E44) -> 8 | F56: =(F14+F24+F34+F44) -> 23 | G56: =(G14+G24+G34+G44) -> 1 | H56: =(H14+H24+H34+H44) -> 4 | I56: =(I14+I24+I34+I44) -> 3 | ... M56: =(M14+M24+M34+M44) -> 0 | N56: =SUM(B56:M56) -> 270
A57: ='7-8AM'!A57 -> Kitale Bound | B57: =(B15+B25+B35+B45) -> 67 | C57: =(C15+C25+C35+C45) -> 77 | D57: =(D15+D25+D35+D45) -> 31 | E57: =(E15+E25+E35+E45) -> 24 | F57: =(F15+F25+F35+F45) -> 21 | G57: =(G15+G25+G35+G45) -> 2 | H57: =(H15+H25+H35+H45) -> 3 | I57: =(I15+I25+I35+I45) -> 6 | ... M57: =(M15+M25+M35+M45) -> 0 | N57: =SUM(B57:M57) -> 248
A58: VEHICLES | B58: =SUM(B56:B57) -> 142 | C58: =SUM(C56:C57) -> 182 | D58: =SUM(D56:D57) -> 68 | E58: =SUM(E56:E57) -> 32 | F58: =SUM(F56:F57) -> 44 | G58: =SUM(G56:G57) -> 3 | H58: =SUM(H56:H57) -> 7 | I58: =SUM(I56:I57) -> 9 | ... M58: =SUM(M56:M57) -> 0 | N58: =SUM(B58:M58) -> 518
A59: Conversion Factor | B59: 0 | C59: 1 | D59: 1 | E59: 1 | F59: 1 | G59: 1 | H59: 2 | I59: 1 | J59: 1 | K59: 2 | L59: 2 | M59: 1
A60: PCUs, Passenger Car Units | B60: =B58*B59 -> 0 | C60: =C58*C59 -> 182 | D60: =D58*D59 -> 68 | E60: =E58*E59 -> 32 | F60: =F58*F59 -> 44 | G60: =G58*G59 -> 3 | H60: =H58*H59 -> 14 | I60: =I58*I59 -> 9 | ... M60: =M58*M59 -> 0 | N60: =SUM(B60:M60) -> 388

Sheet 6-7PM
A1: 07:00AM - 08:00AM
A3: ='7-8AM'!A3 -> ROAD: JN A8 MAILI TISA-KITALE (B14) ROAD
A5: ='7-8AM'!A5 -> SITE: JN A8 MAILI TISA-KITALE (B14) ROAD
A6: ='7-8AM'!A6 -> PROJECT: PROPOSED FUEL SERVICE STATION
A7: ='7-8AM'!A7 -> C/O: GIDEON KAGO KARIUKI
A9: TRAFFIC VOLUME COUNTS DATA (RAW DATA)
A10: 15 MINUTES VOLUMES
A12: TIME | B12: Motorcycle/Tuktuk | C12: Cars(<=5seats) | D12: Large Cars,4WD,SUVs | E12: Pickups/Vans | F12: Minibus/Matatus(<=14seat | G12: Small bus(14-33seat) | H12: Large bus(>33seat) | I12: Light Trucks(2axles) | J12: Medium Trucks(2axle,Double rear wheel) | K12: Heavy Trucks(3, 4 axles) | L12: Artics/draw-bar trucks | M12: Others (e.g tractors) | N12: TOTALS
A13: 6:00-6:15
A14: ='7-8AM'!A14 -> Maili Tisa Bound | B14: 24 | C14: 28 | D14: 9 | E14: 3 | F14: 1 | G14: 0 | H14: 1 | I14: 0 | J14: 1 | K14: 1 | L14: 0 | M14: 0 | N14: =SUM(B14:M14) -> 68
A15: ='7-8AM'!A15 -> Kitale Bound | B15: 18 | C15: 23 | D15: 18 | E15: 7 | F15: 2 | G15: 0 | H15: 1 | I15: 1 | J15: 2 | K15: 1 | L15: 0 | M15: 0 | N15: =SUM(B15:M15) -> 73
A16: VEHICLES | B16: =SUM(B14:B15) -> 42 | C16: =SUM(C14:C15) -> 51 | D16: =SUM(D14:D15) -> 27 | E16: =SUM(E14:E15) -> 10 | F16: =SUM(F14:F15) -> 3 | G16: =SUM(G14:G15) -> 0 | H16: =SUM(H14:H15) -> 2 | I16: =SUM(I14:I15) -> 1 | ... M16: =SUM(M14:M15) -> 0 | N16: =SUM(B16:M16) -> 141
A17: Conversion Factor | B17: 0 | C17: 1 | D17: 1 | E17: 1 | F17: 1 | G17: 1 | H17: 2 | I17: 1 | J17: 1 | K17: 2 | L17: 2 | M17: 1
A18: PCUs, Passenger Car Units | B18: =B16*B17 -> 0 | C18: =C16*C17 -> 51 | D18: =D16*D17 -> 27 | E18: =E16*E17 -> 10 | F18: =F16*F17 -> 3 | G18: =G16*G17 -> 0 | H18: =H16*H17 -> 4 | I18: =I16*I17 -> 1 | ... M18: =M16*M17 -> 0 | N18: =SUM(B18:M18) -> 103
A22: TIME | B22: Motorcycle/Tuktuk | C22: Cars(<=5seats) | D22: Large Cars,4WD,SUVs | E22: Pickups/Vans | F22: Minibus/Matatus(<=14seat | G22: Small bus(14-33seat) | H22: Large bus(>33seat) | I22: Light Trucks(2axles) | J22: Medium Trucks(2axle,Double rear wheel) | K22: Heavy Trucks(3, 4 axles) | L22: Artics/draw-bar trucks | M22: Others (e.g tractors) | N22: TOTALS
A23: 6:15-6:30
A24: ='7-8AM'!A24 -> Maili Tisa Bound | B24: 22 | C24: 20 | D24: 7 | E24: 4 | F24: 13 | G24: 4 | H24: 2 | I24: 1 | J24: 4 | K24: 2 | L24: 0 | M24: 0 | N24: =SUM(B24:M24) -> 79
A25: ='7-8AM'!A25 -> Kitale Bound | B25: 14 | C25: 26 | D25: 12 | E25: 5 | F25: 9 | G25: 0 | H25: 0 | I25: 1 | J25: 5 | K25: 0 | L25: 1 | M25: 0 | N25: =SUM(B25:M25) -> 73
A26: VEHICLES | B26: =SUM(B24:B25) -> 36 | C26: =SUM(C24:C25) -> 46 | D26: =SUM(D24:D25) -> 19 | E26: =SUM(E24:E25) -> 9 | F26: =SUM(F24:F25) -> 22 | G26: =SUM(G24:G25) -> 4 | H26: =SUM(H24:H25) -> 2 | I26: =SUM(I24:I25) -> 2 | ... M26: =SUM(M24:M25) -> 0 | N26: =SUM(B26:M26) -> 152
A27: Conversion Factor | B27: 0 | C27: 1 | D27: 1 | E27: 1 | F27: 1 | G27: 1 | H27: 2 | I27: 1 | J27: 1 | K27: 2 | L27: 2 | M27: 1
A28: PCUs, Passenger Car Units | B28: =B26*B27 -> 0 | C28: =C26*C27 -> 46 | D28: =D26*D27 -> 19 | E28: =E26*E27 -> 9 | F28: =F26*F27 -> 22 | G28: =G26*G27 -> 4 | H28: =H26*H27 -> 4 | I28: =I26*I27 -> 2 | ... M28: =M26*M27 -> 0 | N28: =SUM(B28:M28) -> 121
A32: TIME | B32: Motorcycle/Tuktuk | C32: Cars(<=5seats) | D32: Large Cars,4WD,SUVs | E32: Pickups/Vans | F32: Minibus/Matatus(<=14seat | G32: Small bus(14-33seat) | H32: Large bus(>33seat) | I32: Light Trucks(2axles) | J32: Medium Trucks(2axle,Double rear wheel) | K32: Heavy Trucks(3, 4 axles) | L32: Artics/draw-bar trucks | M32: Others (e.g tractors) | N32: TOTALS
A33: 6:30-6:45
A34: ='7-8AM'!A34 -> Maili Tisa Bound | B34: 23 | C34: 19 | D34: 7 | E34: 3 | F34: 8 | G34: 2 | H34: 1 | I34: 0 | J34: 1 | K34: 2 | L34: =0 -> 0 | M34: 0 | N34: =SUM(B34:M34) -> 66
A35: ='7-8AM'!A35 -> Kitale Bound | B35: 18 | C35: 24 | D35: 1 | E35: 5 | F35: 4 | G35: 1 | H35: 0 | I35: 0 | J35: 4 | K35: 0 | L35: 0 | M35: 0 | N35: =SUM(B35:M35) -> 57
A36: VEHICLES | B36: =SUM(B34:B35) -> 41 | C36: =SUM(C34:C35) -> 43 | D36: =SUM(D34:D35) -> 8 | E36: =SUM(E34:E35) -> 8 | F36: =SUM(F34:F35) -> 12 | G36: =SUM(G34:G35) -> 3 | H36: 0 | I36: =SUM(I34:I35) -> 0 | J36: =SUM(J34:J35) -> 5 | K36: =SUM(K34:K35) -> 2 | L36: =SUM(L34:L35) -> 0 | M36: =SUM(M34:M35) -> 0 | N36: =SUM(B36:M36) -> 122
A37: Conversion Factor | B37: 0 | C37: 1 | D37: 1 | E37: 1 | F37: 1 | G37: 1 | H37: 2 | I37: 1 | J37: 1 | K37: 2 | L37: 2 | M37: 1
A38: PCUs, Passenger Car Units | B38: =B36*B37 -> 0 | C38: =C36*C37 -> 43 | D38: =D36*D37 -> 8 | E38: =E36*E37 -> 8 | F38: =F36*F37 -> 12 | G38: =G36*G37 -> 3 | H38: =H36*H37 -> 0 | I38: =I36*I37 -> 0 | ... M38: =M36*M37 -> 0 | N38: =SUM(B38:M38) -> 83
A42: TIME | B42: Motorcycle/Tuktuk | C42: Cars(<=5seats) | D42: Large Cars,4WD,SUVs | E42: Pickups/Vans | F42: Minibus/Matatus(<=14seat | G42: Small bus(14-33seat) | H42: Large bus(>33seat) | I42: Light Trucks(2axles) | J42: Medium Trucks(2axle,Double rear wheel) | K42: Heavy Trucks(3, 4 axles) | L42: Artics/draw-bar trucks | M42: Others (e.g tractors) | N42: TOTALS
A43: 6:45-7:00
A44: ='7-8AM'!A44 -> Maili Tisa Bound | B44: 26 | C44: 22 | D44: 6 | E44: 4 | F44: 4 | G44: 0 | H44: 0 | I44: 1 | J44: 2 | K44: 1 | L44: 0 | M44: 0 | N44: =SUM(B44:M44) -> 66
A45: ='7-8AM'!A45 -> Kitale Bound | B45: 16 | C45: 18 | D45: 9 | E45: 2 | F45: 6 | G45: 1 | H45: 0 | I45: 0 | J45: 4 | K45: 1 | L45: 1 | M45: 0 | N45: =SUM(B45:M45) -> 58
A46: VEHICLES | B46: =SUM(B44:B45) -> 42 | C46: =SUM(C44:C45) -> 40 | D46: =SUM(D44:D45) -> 15 | E46: =SUM(E44:E45) -> 6 | F46: =SUM(F44:F45) -> 10 | G46: =SUM(G44:G45) -> 1 | H46: =SUM(H44:H45) -> 0 | I46: =SUM(I44:I45) -> 1 | ... M46: =SUM(M44:M45) -> 0 | N46: =SUM(B46:M46) -> 124
A47: Conversion Factor | B47: 0 | C47: 1 | D47: 1 | E47: 1 | F47: 1 | G47: 1 | H47: 2 | I47: 1 | J47: 1 | K47: 2 | L47: 2 | M47: 1
A48: PCUs, Passenger Car Units | B48: =B46*B47 -> 0 | C48: =C46*C47 -> 40 | D48: =D46*D47 -> 15 | E48: =E46*E47 -> 6 | F48: =F46*F47 -> 10 | G48: =G46*G47 -> 1 | H48: =H46*H47 -> 0 | I48: =I46*I47 -> 1 | ... M48: =M46*M47 -> 0 | N48: =SUM(B48:M48) -> 85
A52: HOURLY (1HR) SUMMARY
A54: TIME | B54: Motorcycle/Tuktuk | C54: Cars(<=5seats) | D54: Large Cars,4WD,SUVs | E54: Pickups/Vans | F54: Minibus/Matatus(<=14seat | G54: Small bus(14-33seat) | H54: Large bus(>33seat) | I54: Light Trucks(2axles) | J54: Medium Trucks(2axle,Double rear wheel) | K54: Heavy Trucks(3, 4 axles) | L54: Artics/draw-bar trucks | M54: Others (e.g tractors) | N54: TOTALS
A55: 06 PM to 07 PM
A56: ='7-8AM'!A56 -> Maili Tisa Bound | B56: =(B14+B24+B34+B44) -> 95 | C56: =(C14+C24+C34+C44) -> 89 | D56: =(D14+D24+D34+D44) -> 29 | E56: =(E14+E24+E34+E44) -> 14 | F56: =(F14+F24+F34+F44) -> 26 | G56: =(G14+G24+G34+G44) -> 6 | H56: =(H14+H24+H34+H44) -> 4 | I56: =(I14+I24+I34+I44) -> 2 | ... M56: =(M14+M24+M34+M44) -> 0 | N56: =SUM(B56:M56) -> 279
A57: ='7-8AM'!A57 -> Kitale Bound | B57: =(B15+B25+B35+B45) -> 66 | C57: =(C15+C25+C35+C45) -> 91 | D57: =(D15+D25+D35+D45) -> 40 | E57: =(E15+E25+E35+E45) -> 19 | F57: =(F15+F25+F35+F45) -> 21 | G57: =(G15+G25+G35+G45) -> 2 | H57: =(H15+H25+H35+H45) -> 1 | I57: =(I15+I25+I35+I45) -> 2 | ... M57: =(M15+M25+M35+M45) -> 0 | N57: =SUM(B57:M57) -> 261
A58: VEHICLES | B58: =SUM(B56:B57) -> 161 | C58: =SUM(C56:C57) -> 180 | D58: =SUM(D56:D57) -> 69 | E58: =SUM(E56:E57) -> 33 | F58: =SUM(F56:F57) -> 47 | G58: =SUM(G56:G57) -> 8 | H58: =SUM(H56:H57) -> 5 | I58: =SUM(I56:I57) -> 4 | ... M58: =SUM(M56:M57) -> 0 | N58: =SUM(B58:M58) -> 540
A59: Conversion Factor | B59: 0 | C59: 1 | D59: 1 | E59: 1 | F59: 1 | G59: 1 | H59: 2 | I59: 1 | J59: 1 | K59: 2 | L59: 2 | M59: 1
A60: PCUs, Passenger Car Units | B60: =B58*B59 -> 0 | C60: =C58*C59 -> 180 | D60: =D58*D59 -> 69 | E60: =E58*E59 -> 33 | F60: =F58*F59 -> 47 | G60: =G58*G59 -> 8 | H60: =H58*H59 -> 10 | I60: =I58*I59 -> 4 | ... M60: =M58*M59 -> 0 | N60: =SUM(B60:M60) -> 394

Sheet DAY
A1: DAILY TOTALS (12 hour Traffic Volume Counts)
A3: ='7-8AM'!A3 -> ROAD: JN A8 MAILI TISA-KITALE (B14) ROAD
A5: ='7-8AM'!A5 -> SITE: JN A8 MAILI TISA-KITALE (B14) ROAD
A6: ='7-8AM'!A6 -> PROJECT: PROPOSED FUEL SERVICE STATION
A7: ='7-8AM'!A7 -> C/O: GIDEON KAGO KARIUKI
A9: TRAFFIC VOLUME COUNTS DATA (RAW DATA)
A10: HOURS VOLUMES VS DAILY VOLUMES
A12: HOURLY PER DAY
A14: TIME | B14: Motorcycle/Tuktuk | C14: Cars(<=5seats) | D14: Large Cars,4WD,SUVs | E14: Pickups/Vans | F14: Minibus/Matatus(<=14seat | G14: Small bus(14-33seat) | H14: Large bus(>33seat) | I14: Light Trucks(2axles) | J14: Medium Trucks(2axle,Double rear wheel) | K14: Heavy Trucks(3, 4 axles) | L14: Artics/draw-bar trucks | M14: Others (e.g tractors) | N14: TOTALS
A15: 7:00AM-8:00AM
A16: ='7-8AM'!A14 -> Maili Tisa Bound | B16: ='7-8AM'!B56 -> 51 | C16: ='7-8AM'!C56 -> 55 | D16: ='7-8AM'!D56 -> 44 | E16: ='7-8AM'!E56 -> 28 | F16: ='7-8AM'!F56 -> 21 | G16: ='7-8AM'!G56 -> 1 | H16: ='7-8AM'!H56 -> 3 | I16: ='7-8AM'!I56 -> 4 | ... M16: ='7-8AM'!M56 -> 0 | N16: =SUM(B16:M16) -> 216
A17: ='7-8AM'!A15 -> Kitale Bound | B17: ='7-8AM'!B57 -> 46 | C17: ='7-8AM'!C57 -> 74 | D17: ='7-8AM'!D57 -> 32 | E17: ='7-8AM'!E57 -> 18 | F17: ='7-8AM'!F57 -> 25 | G17: ='7-8AM'!G57 -> 0 | H17: ='7-8AM'!H57 -> 6 | I17: ='7-8AM'!I57 -> 4 | ... M17: ='7-8AM'!M57 -> 0 | N17: =SUM(B17:M17) -> 212
A18: TOTAL | B18: =SUM(B16:B17) -> 97 | C18: =SUM(C16:C17) -> 129 | D18: =SUM(D16:D17) -> 76 | E18: =SUM(E16:E17) -> 46 | F18: =SUM(F16:F17) -> 46 | G18: =SUM(G16:G17) -> 1 | H18: =SUM(H16:H17) -> 9 | I18: =SUM(I16:I17) -> 8 | ... M18: =SUM(M16:M17) -> 0 | N18: =SUM(B18:M18) -> 428
A21: 8:00AM-9:00AM
A22: ='7-8AM'!A14 -> Maili Tisa Bound | B22: ='8-9AM'!B56 -> 56 | C22: ='8-9AM'!C56 -> 57 | D22: ='8-9AM'!D56 -> 25 | E22: ='8-9AM'!E56 -> 19 | F22: ='8-9AM'!F56 -> 26 | G22: ='8-9AM'!G56 -> 6 | H22: ='8-9AM'!H56 -> 2 | I22: ='8-9AM'!I56 -> 7 | ... M22: ='8-9AM'!M56 -> 0 | N22: =SUM(B22:M22) -> 207
A23: ='7-8AM'!A15 -> Kitale Bound | B23: ='8-9AM'!B57 -> 58 | C23: ='8-9AM'!C57 -> 48 | D23: ='8-9AM'!D57 -> 40 | E23: ='8-9AM'!E57 -> 16 | F23: ='8-9AM'!F57 -> 25 | G23: ='8-9AM'!G57 -> 1 | H23: ='8-9AM'!H57 -> 1 | I23: ='8-9AM'!I57 -> 1 | ... M23: ='8-9AM'!M57 -> 0 | N23: =SUM(B23:M23) -> 195
A24: TOTAL | B24: =SUM(B22:B23) -> 114 | C24: =SUM(C22:C23) -> 105 | D24: =SUM(D22:D23) -> 65 | E24: =SUM(E22:E23) -> 35 | F24: =SUM(F22:F23) -> 51 | G24: =SUM(G22:G23) -> 7 | H24: =SUM(H22:H23) -> 3 | I24: =SUM(I22:I23) -> 8 | ... M24: =SUM(M22:M23) -> 0 | N24: =SUM(B24:M24) -> 402
A27: 9:00AM-10:00AM
A28: ='7-8AM'!A14 -> Maili Tisa Bound | B28: ='9-10AM'!B56 -> 50 | C28: ='9-10AM'!C56 -> 38 | D28: ='9-10AM'!D56 -> 20 | E28: ='9-10AM'!E56 -> 16 | F28: ='9-10AM'!F56 -> 23 | G28: ='9-10AM'!G56 -> 1 | H28: ='9-10AM'!H56 -> 0 | I28: ='9-10AM'!I56 -> 2 | ... M28: ='9-10AM'!M56 -> 0 | N28: =SUM(B28:M28) -> 163
A29: ='7-8AM'!A15 -> Kitale Bound | B29: ='9-10AM'!B57 -> 60 | C29: ='9-10AM'!C57 -> 44 | D29: ='9-10AM'!D57 -> 22 | E29: ='9-10AM'!E57 -> 12 | F29: ='9-10AM'!F57 -> 37 | G29: ='9-10AM'!G57 -> 1 | H29: ='9-10AM'!H57 -> 2 | I29: ='9-10AM'!I57 -> 5 | ... M29: ='9-10AM'!M57 -> 0 | N29: =SUM(B29:M29) -> 198
A30: TOTAL | B30: =SUM(B28:B29) -> 110 | C30: =SUM(C28:C29) -> 82 | D30: =SUM(D28:D29) -> 42 | E30: =SUM(E28:E29) -> 28 | F30: =SUM(F28:F29) -> 60 | G30: =SUM(G28:G29) -> 2 | H30: =SUM(H28:H29) -> 2 | I30: =SUM(I28:I29) -> 7 | ... M30: =SUM(M28:M29) -> 0 | N30: =SUM(B30:M30) -> 361
A33: 10:00AM-11:00AM
A34: ='7-8AM'!A14 -> Maili Tisa Bound | B34: ='10-11AM'!B56 -> 53 | C34: ='10-11AM'!C56 -> 42 | D34: ='10-11AM'!D56 -> 37 | E34: ='10-11AM'!E56 -> 20 | F34: ='10-11AM'!F56 -> 28 | G34: ='10-11AM'!G56 -> 4 | H34: ='10-11AM'!H56 -> 3 | I34: ='10-11AM'!I56 -> 2 | ... M34: ='10-11AM'!M56 -> 0 | N34: =SUM(B34:M34) -> 200
A35: ='7-8AM'!A15 -> Kitale Bound | B35: ='10-11AM'!B57 -> 55 | C35: ='10-11AM'!C57 -> 49 | D35: ='10-11AM'!D57 -> 30 | E35: ='10-11AM'!E57 -> 25 | F35: ='10-11AM'!F57 -> 23 | G35: ='10-11AM'!G57 -> 6 | H35: ='10-11AM'!H57 -> 1 | I35: ='10-11AM'!I57 -> 3 | ... M35: ='10-11AM'!M57 -> 0 | N35: =SUM(B35:M35) -> 198
A36: TOTAL | B36: =SUM(B34:B35) -> 108 | C36: =SUM(C34:C35) -> 91 | D36: =SUM(D34:D35) -> 67 | E36: =SUM(E34:E35) -> 45 | F36: =SUM(F34:F35) -> 51 | G36: =SUM(G34:G35) -> 10 | H36: =SUM(H34:H35) -> 4 | I36: =SUM(I34:I35) -> 5 | ... M36: =SUM(M34:M35) -> 0 | N36: =SUM(B36:M36) -> 398
A39: 11:00AM-12:00AM
A40: ='7-8AM'!A14 -> Maili Tisa Bound | B40: ='11-12PM'!B56 -> 66 | C40: ='11-12PM'!C56 -> 61 | D40: ='11-12PM'!D56 -> 42 | E40: ='11-12PM'!E56 -> 23 | F40: ='11-12PM'!F56 -> 20 | G40: ='11-12PM'!G56 -> 4 | H40: ='11-12PM'!H56 -> 0 | I40: ='11-12PM'!I56 -> 5 | ... M40: ='11-12PM'!M56 -> 1 | N40: =SUM(B40:M40) -> 243
A41: ='7-8AM'!A15 -> Kitale Bound | B41: ='11-12PM'!B57 -> 49 | C41: ='11-12PM'!C57 -> 58 | D41: ='11-12PM'!D57 -> 32 | E41: ='11-12PM'!E57 -> 18 | F41: ='11-12PM'!F57 -> 28 | G41: ='11-12PM'!G57 -> 3 | H41: ='11-12PM'!H57 -> 5 | I41: ='11-12PM'!I57 -> 3 | ... M41: ='11-12PM'!M57 -> 0 | N41: =SUM(B41:M41) -> 205
A42: TOTAL | B42: =SUM(B40:B41) -> 115 | C42: =SUM(C40:C41) -> 119 | D42: =SUM(D40:D41) -> 74 | E42: =SUM(E40:E41) -> 41 | F42: =SUM(F40:F41) -> 48 | G42: =SUM(G40:G41) -> 7 | H42: =SUM(H40:H41) -> 5 | I42: =SUM(I40:I41) -> 8 | ... M42: =SUM(M40:M41) -> 1 | N42: =SUM(B42:M42) -> 448
A45: 12:00NOON-1:00PM
A46: ='7-8AM'!A14 -> Maili Tisa Bound | B46: ='12-1PM'!B56 -> 64 | C46: ='12-1PM'!C56 -> 58 | D46: ='12-1PM'!D56 -> 33 | E46: ='12-1PM'!E56 -> 17 | F46: ='12-1PM'!F56 -> 26 | G46: ='12-1PM'!G56 -> 5 | H46: ='12-1PM'!H56 -> 2 | I46: ='12-1PM'!I56 -> 4 | ... M46: ='12-1PM'!M56 -> 1 | N46: =SUM(B46:M46) -> 223
A47: ='7-8AM'!A15 -> Kitale Bound | B47: ='12-1PM'!B57 -> 49 | C47: ='12-1PM'!C57 -> 64 | D47: ='12-1PM'!D57 -> 34 | E47: ='12-1PM'!E57 -> 17 | F47: ='12-1PM'!F57 -> 31 | G47: ='12-1PM'!G57 -> 1 | H47: ='12-1PM'!H57 -> 4 | I47: ='12-1PM'!I57 -> 3 | ... M47: ='12-1PM'!M57 -> 1 | N47: =SUM(B47:M47) -> 218
A48: TOTAL | B48: =SUM(B46:B47) -> 113 | C48: =SUM(C46:C47) -> 122 | D48: =SUM(D46:D47) -> 67 | E48: =SUM(E46:E47) -> 34 | F48: =SUM(F46:F47) -> 57 | G48: =SUM(G46:G47) -> 6 | H48: =SUM(H46:H47) -> 6 | I48: =SUM(I46:I47) -> 7 | ... M48: =SUM(M46:M47) -> 2 | N48: =SUM(B48:M48) -> 441
A51: 1:00PM-2:00PM
A52: ='7-8AM'!A14 -> Maili Tisa Bound | B52: ='1-2PM'!B56 -> 59 | C52: ='1-2PM'!C56 -> 50 | D52: ='1-2PM'!D56 -> 28 | E52: ='1-2PM'!E56 -> 19 | F52: ='1-2PM'!F56 -> 25 | G52: ='1-2PM'!G56 -> 3 | H52: ='1-2PM'!H56 -> 2 | I52: ='1-2PM'!I56 -> 0 | ... M52: ='1-2PM'!M56 -> 2 | N52: =SUM(B52:M52) -> 206
A53: ='7-8AM'!A15 -> Kitale Bound | B53: ='1-2PM'!B57 -> 75 | C53: ='1-2PM'!C57 -> 76 | D53: ='1-2PM'!D57 -> 28 | E53: ='1-2PM'!E57 -> 15 | F53: ='1-2PM'!F57 -> 27 | G53: ='1-2PM'!G57 -> 2 | H53: ='1-2PM'!H57 -> 1 | I53: ='1-2PM'!I57 -> 0 | ... M53: ='1-2PM'!M57 -> 0 | N53: =SUM(B53:M53) -> 241
A54: TOTAL | B54: =SUM(B52:B53) -> 134 | C54: =SUM(C52:C53) -> 126 | D54: =SUM(D52:D53) -> 56 | E54: =SUM(E52:E53) -> 34 | F54: =SUM(F52:F53) -> 52 | G54: =SUM(G52:G53) -> 5 | H54: =SUM(H52:H53) -> 3 | I54: =SUM(I52:I53) -> 0 | ... M54: =SUM(M52:M53) -> 2 | N54: =SUM(B54:M54) -> 447
A57: 2:00PM-3:00PM
A58: ='7-8AM'!A14 -> Maili Tisa Bound | B58: ='2-3PM'!B56 -> 92 | C58: ='2-3PM'!C56 -> 45 | D58: ='2-3PM'!D56 -> 22 | E58: ='2-3PM'!E56 -> 12 | F58: ='2-3PM'!F56 -> 26 | G58: ='2-3PM'!G56 -> 0 | H58: ='2-3PM'!H56 -> 2 | I58: ='2-3PM'!I56 -> 1 | ... M58: ='2-3PM'!M56 -> 0 | N58: =SUM(B58:M58) -> 216
A59: ='7-8AM'!A15 -> Kitale Bound | B59: ='2-3PM'!B57 -> 100 | C59: ='2-3PM'!C57 -> 75 | D59: ='2-3PM'!D57 -> 15 | E59: ='2-3PM'!E57 -> 10 | F59: ='2-3PM'!F57 -> 29 | G59: ='2-3PM'!G57 -> 0 | H59: ='2-3PM'!H57 -> 1 | I59: ='2-3PM'!I57 -> 0 | ... M59: ='2-3PM'!M57 -> 0 | N59: =SUM(B59:M59) -> 251
A60: TOTAL | B60: =SUM(B58:B59) -> 192 | C60: =SUM(C58:C59) -> 120 | D60: =SUM(D58:D59) -> 37 | E60: =SUM(E58:E59) -> 22 | F60: =SUM(F58:F59) -> 55 | G60: =SUM(G58:G59) -> 0 | H60: =SUM(H58:H59) -> 3 | I60: =SUM(I58:I59) -> 1 | ... M60: =SUM(M58:M59) -> 0 | N60: =SUM(B60:M60) -> 467
A63: 3:00PM-4:00PM
A64: ='7-8AM'!A14 -> Maili Tisa Bound | B64: ='3-4PM'!B56 -> 87 | C64: ='3-4PM'!C56 -> 62 | D64: ='3-4PM'!D56 -> 29 | E64: ='3-4PM'!E56 -> 23 | F64: ='3-4PM'!F56 -> 24 | G64: ='3-4PM'!G56 -> 0 | H64: ='3-4PM'!H56 -> 2 | I64: ='3-4PM'!I56 -> 4 | ... M64: ='3-4PM'!M56 -> 0 | N64: =SUM(B64:M64) -> 240
A65: ='7-8AM'!A15 -> Kitale Bound | B65: ='3-4PM'!B57 -> 76 | C65: ='3-4PM'!C57 -> 69 | D65: ='3-4PM'!D57 -> 38 | E65: ='3-4PM'!E57 -> 11 | F65: ='3-4PM'!F57 -> 29 | G65: ='3-4PM'!G57 -> 6 | H65: ='3-4PM'!H57 -> 3 | I65: ='3-4PM'!I57 -> 1 | ... M65: ='3-4PM'!M57 -> 0 | N65: =SUM(B65:M65) -> 241
A66: TOTAL | B66: =SUM(B64:B65) -> 163 | C66: =SUM(C64:C65) -> 131 | D66: =SUM(D64:D65) -> 67 | E66: =SUM(E64:E65) -> 34 | F66: =SUM(F64:F65) -> 53 | G66: =SUM(G64:G65) -> 6 | H66: =SUM(H64:H65) -> 5 | I66: =SUM(I64:I65) -> 5 | ... M66: =SUM(M64:M65) -> 0 | N66: =SUM(B66:M66) -> 481
A69: 4:00PM-5:00PM
A70: ='7-8AM'!A14 -> Maili Tisa Bound | B70: ='4-5PM'!B56 -> 79 | C70: ='4-5PM'!C56 -> 65 | D70: ='4-5PM'!D56 -> 31 | E70: ='4-5PM'!E56 -> 4 | F70: ='4-5PM'!F56 -> 29 | G70: ='4-5PM'!G56 -> 0 | H70: ='4-5PM'!H56 -> 4 | I70: ='4-5PM'!I56 -> 1 | ... M70: ='4-5PM'!M56 -> 0 | N70: =SUM(B70:M70) -> 228
A71: ='7-8AM'!A15 -> Kitale Bound | B71: ='4-5PM'!B57 -> 83 | C71: ='4-5PM'!C57 -> 66 | D71: ='4-5PM'!D57 -> 23 | E71: ='4-5PM'!E57 -> 12 | F71: ='4-5PM'!F57 -> 22 | G71: ='4-5PM'!G57 -> 1 | H71: ='4-5PM'!H57 -> 1 | I71: ='4-5PM'!I57 -> 3 | ... M71: ='4-5PM'!M57 -> 0 | N71: =SUM(B71:M71) -> 229
A72: TOTAL | B72: =SUM(B70:B71) -> 162 | C72: =SUM(C70:C71) -> 131 | D72: =SUM(D70:D71) -> 54 | E72: =SUM(E70:E71) -> 16 | F72: =SUM(F70:F71) -> 51 | G72: =SUM(G70:G71) -> 1 | H72: =SUM(H70:H71) -> 5 | I72: =SUM(I70:I71) -> 4 | ... M72: =SUM(M70:M71) -> 0 | N72: =SUM(B72:M72) -> 457
A75: 5:00PM-6:00PM
A76: ='7-8AM'!A14 -> Maili Tisa Bound | B76: ='5-6PM'!B56 -> 75 | C76: ='5-6PM'!C56 -> 105 | D76: ='5-6PM'!D56 -> 37 | E76: ='5-6PM'!E56 -> 8 | F76: ='5-6PM'!F56 -> 23 | G76: ='5-6PM'!G56 -> 1 | H76: ='5-6PM'!H56 -> 4 | I76: ='5-6PM'!I56 -> 3 | ... M76: ='5-6PM'!M56 -> 0 | N76: =SUM(B76:M76) -> 270
A77: ='7-8AM'!A15 -> Kitale Bound | B77: ='5-6PM'!B57 -> 67 | C77: ='5-6PM'!C57 -> 77 | D77: ='5-6PM'!D57 -> 31 | E77: ='5-6PM'!E57 -> 24 | F77: ='5-6PM'!F57 -> 21 | G77: ='5-6PM'!G57 -> 2 | H77: ='5-6PM'!H57 -> 3 | I77: ='5-6PM'!I57 -> 6 | ... M77: ='5-6PM'!M57 -> 0 | N77: =SUM(B77:M77) -> 248
A78: TOTAL | B78: =SUM(B76:B77) -> 142 | C78: =SUM(C76:C77) -> 182 | D78: =SUM(D76:D77) -> 68 | E78: =SUM(E76:E77) -> 32 | F78: =SUM(F76:F77) -> 44 | G78: =SUM(G76:G77) -> 3 | H78: =SUM(H76:H77) -> 7 | I78: =SUM(I76:I77) -> 9 | ... M78: =SUM(M76:M77) -> 0 | N78: =SUM(B78:M78) -> 518
A81: 6:00PM-7:00PM
A82: ='7-8AM'!A14 -> Maili Tisa Bound | B82: ='6-7PM'!B56 -> 95 | C82: ='6-7PM'!C56 -> 89 | D82: ='6-7PM'!D56 -> 29 | E82: ='6-7PM'!E56 -> 14 | F82: ='6-7PM'!F56 -> 26 | G82: ='6-7PM'!G56 -> 6 | H82: ='6-7PM'!H56 -> 4 | I82: ='6-7PM'!I56 -> 2 | ... M82: ='6-7PM'!M56 -> 0 | N82: =SUM(B82:M82) -> 279
A83: ='7-8AM'!A15 -> Kitale Bound | B83: ='6-7PM'!B57 -> 66 | C83: ='6-7PM'!C57 -> 91 | D83: ='6-7PM'!D57 -> 40 | E83: ='6-7PM'!E57 -> 19 | F83: ='6-7PM'!F57 -> 21 | G83: ='6-7PM'!G57 -> 2 | H83: ='6-7PM'!H57 -> 1 | I83: ='6-7PM'!I57 -> 2 | ... M83: ='6-7PM'!M57 -> 0 | N83: =SUM(B83:M83) -> 261
A84: TOTAL | B84: =SUM(B82:B83) -> 161 | C84: =SUM(C82:C83) -> 180 | D84: =SUM(D82:D83) -> 69 | E84: =SUM(E82:E83) -> 33 | F84: =SUM(F82:F83) -> 47 | G84: =SUM(G82:G83) -> 8 | H84: =SUM(H82:H83) -> 5 | I84: =SUM(I82:I83) -> 4 | ... M84: =SUM(M82:M83) -> 0 | N84: =SUM(B84:M84) -> 540
A86: TOTALS FOR THE DAY
A89: TIME | B89: Motorcycle/Tuktuk | C89: Cars(<=5seats) | D89: Large Cars,4WD,SUVs | E89: Pickups/Vans | F89: Minibus/Matatus(<=14seat | G89: Small bus(14-33seat) | H89: Large bus(>33seat) | I89: Light Trucks(2axles) | J89: Medium Trucks(2axle,Double rear wheel) | K89: Heavy Trucks(3, 4 axles) | L89: Artics/draw-bar trucks | M89: Others (e.g tractors) | N89: TOTALS
A90: DAILY TOTALS
A91: ='7-8AM'!A14 -> Maili Tisa Bound | B91: =(B16+B22+B28+B34+B40+B46+B52+B58+B64+B70+B76+B82) -> 827 | C91: =(C16+C22+C28+C34+C40+C46+C52+C58+C64+C70+C76+C82) -> 727 | D91: =(D16+D22+D28+D34+D40+D46+D52+D58+D64+D70+D76+D82) -> 377 | E91: =(E16+E22+E28+E34+E40+E46+E52+E58+E64+E70+E76+E82) -> 203 | F91: =(F16+F22+F28+F34+F40+F46+F52+F58+F64+F70+F76+F82) -> 297 | G91: =(G16+G22+G28+G34+G40+G46+G52+G58+G64+G70+G76+G82) -> 31 | H91: =(H16+H22+H28+H34+H40+H46+H52+H58+H64+H70+H76+H82) -> 28 | I91: =(I16+I22+I28+I34+I40+I46+I52+I58+I64+I70+I76+I82) -> 35 | ... M91: =(M16+M22+M28+M34+M40+M46+M52+M58+M64+M70+M76+M82) -> 4 | N91: =SUM(B91:M91) -> 2691
A92: ='7-8AM'!A15 -> Kitale Bound | B92: =(B17+B23+B29+B35+B41+B47+B53+B59+B65+B71+B77+B83) -> 784 | C92: =(C17+C23+C29+C35+C41+C47+C53+C59+C65+C71+C77+C83) -> 791 | D92: =(D17+D23+D29+D35+D41+D47+D53+D59+D65+D71+D77+D83) -> 365 | E92: =(E17+E23+E29+E35+E41+E47+E53+E59+E65+E71+E77+E83) -> 197 | F92: =(F17+F23+F29+F35+F41+F47+F53+F59+F65+F71+F77+F83) -> 318 | G92: =(G17+G23+G29+G35+G41+G47+G53+G59+G65+G71+G77+G83) -> 25 | H92: =(H17+H23+H29+H35+H41+H47+H53+H59+H65+H71+H77+H83) -> 29 | I92: =(I17+I23+I29+I35+I41+I47+I53+I59+I65+I71+I77+I83) -> 31 | ... M92: =(M17+M23+M29+M35+M41+M47+M53+M59+M65+M71+M77+M83) -> 1 | N92: =SUM(B92:M92) -> 2697
A93: VEHICLES | B93: =SUM(B91:B92) -> 1611 | C93: =SUM(C91:C92) -> 1518 | D93: =SUM(D91:D92) -> 742 | E93: =SUM(E91:E92) -> 400 | F93: =SUM(F91:F92) -> 615 | G93: =SUM(G91:G92) -> 56 | H93: =SUM(H91:H92) -> 57 | I93: =SUM(I91:I92) -> 66 | ... M93: =SUM(M91:M92) -> 5 | N93: =SUM(B93:M93) -> 5388
A94: Conversion Factor | B94: 0.5 | C94: 1 | D94: 1 | E94: 1.75 | F94: 1.75 | G94: 2 | H94: 2.5 | I94: 1.25 | J94: 1.5 | K94: 2.75 | L94: 3 | M94: 2
A95: PCUs, Passenger Car Units | B95: =B93*B94 -> 805.5 | C95: =C93*C94 -> 1518 | D95: =D93*D94 -> 742 | E95: =E93*E94 -> 700 | F95: =F93*F94 -> 1076.25 | G95: =G93*G94 -> 112 | H95: =H93*H94 -> 142.5 | I95: =I93*I94 -> 82.5 | ... M95: =M93*M94 -> 10 | N95: =SUM(B95:M95) -> 5786
